Personality,Experience,A higher salary proposal,A toxic management,Lack of professional recognition,Unmet job expectations,Desire to live new professional experiences,Lack of technical challenges,Lack of a career plan,Lack of internal communication in the company,Not having a good relationship with co-workers,Lack of flexibility and autonomy on deciding preferred working time,An inadequate working environment/physical infrastructure,A repetitive work,Lack of autonomy to make decisions at work,High demand in the industry for software engineers,A job offer from a company large and known tech company,A job offer in another country,The use of obsolete technologies,Working overtime frequently,Working with short lead deadlines
Open to new experiences,Mais que 10 anos,Somewhat agree,Strongly agree,Strongly agree,Somewhat agree,Neutral,Somewhat agree,Somewhat agree,Somewhat agree,Strongly agree,Strongly agree,Somewhat agree,Somewhat agree,Strongly agree,Somewhat agree,Somewhat agree,Somewhat disagree,Neutral,Somewhat agree,Neutral
Open to new experiences,Mais que 10 anos,Strongly agree,Strongly agree,Strongly agree,Strongly agree,Strongly agree,Strongly agree,Strongly agree,Strongly agree,Strongly agree,Strongly agree,Strongly agree,Strongly agree,Strongly agree,Strongly agree,Strongly agree,Strongly agree,Strongly agree,Strongly agree,Strongly agree
Open to new experiences,Mais que 10 anos,Strongly agree,Strongly agree,Strongly agree,Strongly agree,Strongly agree,Strongly agree,Strongly agree,Somewhat agree,Neutral,Somewhat agree,Somewhat agree,Strongly agree,Neutral,Neutral,Neutral,Neutral,Strongly agree,Neutral,Strongly agree
Open to new experiences,6 a 8 anos,Strongly disagree,Strongly agree,Strongly agree,Somewhat disagree,Somewhat agree,Strongly agree,Strongly agree,Strongly agree,Strongly agree,Somewhat disagree,Strongly agree,Strongly agree,Somewhat agree,Strongly disagree,Strongly disagree,Strongly disagree,Strongly agree,Somewhat disagree,Somewhat disagree
Open to new experiences,Mais que 10 anos,Strongly agree,Strongly agree,Strongly agree,Strongly agree,Somewhat agree,Somewhat agree,Somewhat agree,Strongly agree,Neutral,Somewhat agree,Strongly agree,Neutral,Neutral,Somewhat disagree,Somewhat agree,Strongly agree,Somewhat agree,Strongly agree,Somewhat agree
Open to new experiences,6 a 8 anos,Strongly agree,Strongly disagree,Strongly disagree,Strongly disagree,Strongly agree,Strongly disagree,Strongly disagree,Strongly disagree,Strongly disagree,Strongly disagree,Strongly disagree,Strongly disagree,Strongly disagree,Strongly agree,Strongly disagree,Strongly agree,Strongly disagree,Strongly disagree,Strongly disagree
Open to new experiences,1 a 2 anos,Somewhat agree,Strongly agree,Strongly agree,Somewhat agree,Strongly agree,Strongly agree,Neutral,Somewhat agree,Strongly agree,Somewhat agree,Somewhat agree,Strongly agree,Neutral,Somewhat agree,Neutral,Strongly agree,Neutral,Somewhat disagree,Somewhat disagree
Open to new experiences,6 a 8 anos,Somewhat agree,Strongly agree,Strongly agree,Strongly agree,Strongly agree,Strongly agree,Strongly agree,Strongly agree,Neutral,Somewhat agree,Strongly agree,Strongly agree,Somewhat agree,Somewhat agree,Strongly agree,Strongly agree,Somewhat agree,Strongly agree,Neutral
Open to new experiences,3 a 5 anos,Strongly agree,Somewhat agree,Somewhat agree,Somewhat agree,Somewhat agree,Strongly agree,Somewhat agree,Strongly agree,Strongly agree,Strongly agree,Somewhat agree,Somewhat agree,Strongly agree,Strongly agree,Strongly agree,Strongly agree,Strongly agree,Somewhat disagree,Strongly agree
Open to new experiences,Mais que 10 anos,Somewhat agree,Strongly agree,Strongly agree,Strongly agree,Strongly agree,Strongly agree,Strongly agree,Strongly agree,Strongly agree,Strongly agree,Somewhat agree,Strongly agree,Strongly agree,Somewhat agree,Somewhat agree,Neutral,Neutral,Strongly agree,Strongly agree
Open to new experiences,6 a 8 anos,Strongly agree,Strongly agree,Strongly agree,Somewhat agree,Strongly agree,Somewhat agree,Strongly agree,Somewhat disagree,Strongly agree,Strongly agree,Neutral,Strongly agree,Somewhat agree,Strongly agree,Strongly agree,Strongly agree,Strongly agree,Somewhat disagree,Somewhat disagree
Open to new experiences,6 a 8 anos,Strongly agree,Strongly agree,Strongly agree,Strongly agree,Strongly agree,Somewhat agree,Somewhat agree,Somewhat agree,Strongly agree,Neutral,Neutral,Strongly agree,Somewhat agree,Somewhat agree,Somewhat agree,Strongly agree,Neutral,Somewhat agree,Strongly agree
Open to new experiences,3 a 5 anos,Strongly agree,Strongly agree,Somewhat agree,Somewhat agree,Somewhat agree,Somewhat agree,Somewhat agree,Somewhat agree,Strongly agree,Neutral,Neutral,Somewhat agree,Neutral,Neutral,Somewhat disagree,Strongly agree,Somewhat disagree,Neutral,Neutral
Open to new experiences,3 a 5 anos,Somewhat agree,Strongly agree,Strongly agree,Strongly agree,Strongly agree,Somewhat agree,Strongly agree,Strongly agree,Somewhat agree,Strongly agree,Somewhat agree,Somewhat agree,Strongly agree,Neutral,Somewhat agree,Somewhat agree,Somewhat agree,Somewhat agree,Somewhat agree
Open to new experiences,3 a 5 anos,Strongly agree,Strongly agree,Strongly agree,Strongly agree,Somewhat agree,Somewhat agree,Somewhat agree,Strongly agree,Somewhat agree,Neutral,Somewhat agree,Neutral,Somewhat agree,Strongly disagree,Somewhat agree,Somewhat disagree,Somewhat agree,Strongly agree,Neutral
Open to new experiences,9 a 10 anos,Strongly agree,Strongly agree,Somewhat agree,Strongly agree,Strongly agree,Somewhat agree,Strongly agree,Somewhat agree,Strongly agree,Somewhat disagree,Strongly agree,Neutral,Somewhat agree,Strongly agree,Strongly agree,Strongly agree,Strongly agree,Somewhat agree,Somewhat agree
Open to new experiences,1 a 2 anos,Strongly agree,Strongly agree,Somewhat agree,Somewhat agree,Somewhat agree,Neutral,Strongly agree,Somewhat agree,Neutral,Strongly agree,Somewhat agree,Somewhat agree,Neutral,Somewhat agree,Strongly agree,Strongly agree,Somewhat disagree,Strongly agree,Strongly agree
Open to new experiences,3 a 5 anos,Strongly agree,Strongly agree,Strongly agree,Strongly agree,Strongly agree,Somewhat agree,Strongly agree,Strongly agree,Strongly agree,Strongly agree,Strongly agree,Strongly agree,Strongly agree,Somewhat agree,Strongly agree,Strongly agree,Strongly agree,Strongly agree,Strongly agree
Open to new experiences,Menos de 1 ano,Strongly agree,Somewhat agree,Strongly agree,Somewhat agree,Strongly agree,Somewhat agree,Somewhat agree,Neutral,Somewhat disagree,Strongly agree,Somewhat agree,Neutral,Strongly agree,Strongly agree,Strongly agree,Strongly agree,Neutral,Neutral,Strongly agree
Open to new experiences,3 a 5 anos,Somewhat agree,Somewhat agree,Somewhat agree,Somewhat agree,Somewhat agree,Somewhat agree,Neutral,Somewhat agree,Neutral,Neutral,Neutral,Neutral,Neutral,Somewhat agree,Somewhat agree,Somewhat agree,Somewhat agree,Somewhat agree,Neutral
Open to new experiences,1 a 2 anos,Strongly agree,Strongly agree,Strongly agree,Somewhat agree,Somewhat agree,Somewhat agree,Strongly agree,Somewhat agree,Strongly agree,Strongly agree,Somewhat agree,Neutral,Neutral,Neutral,Strongly agree,Strongly agree,Neutral,Neutral,Somewhat agree
Open to new experiences,6 a 8 anos,Somewhat agree,Strongly agree,Strongly agree,Somewhat agree,Somewhat agree,Somewhat agree,Somewhat agree,Somewhat agree,Somewhat agree,Somewhat agree,Strongly agree,Somewhat agree,Somewhat agree,Somewhat agree,Neutral,Neutral,Somewhat agree,Somewhat agree,Somewhat agree
Open to new experiences,6 a 8 anos,Somewhat agree,Strongly agree,Strongly agree,Somewhat agree,Somewhat agree,Somewhat agree,Strongly agree,Strongly agree,Somewhat agree,Somewhat agree,Somewhat disagree,Somewhat agree,Somewhat agree,Somewhat agree,Strongly agree,Somewhat disagree,Strongly agree,Somewhat disagree,Neutral
Open to new experiences,6 a 8 anos,Somewhat agree,Strongly agree,Strongly agree,Somewhat agree,Strongly agree,Somewhat agree,Somewhat agree,Neutral,Strongly agree,Somewhat agree,Strongly agree,Strongly agree,Somewhat agree,Neutral,Somewhat agree,Strongly agree,Neutral,Somewhat agree,Neutral
Open to new experiences,3 a 5 anos,Somewhat agree,Strongly agree,Somewhat agree,Neutral,Neutral,Neutral,Strongly disagree,Neutral,Strongly agree,Somewhat agree,Somewhat agree,Somewhat disagree,Somewhat agree,Somewhat disagree,Somewhat agree,Strongly agree,Somewhat agree,Neutral,Neutral
Open to new experiences,3 a 5 anos,Strongly agree,Strongly agree,Strongly agree,Strongly agree,Neutral,Somewhat agree,Strongly agree,Strongly agree,Strongly agree,Neutral,Strongly agree,Somewhat agree,Somewhat agree,Strongly agree,Neutral,Strongly agree,Neutral,Neutral,Neutral
Open to new experiences,6 a 8 anos,Somewhat agree,Strongly agree,Strongly agree,Strongly agree,Somewhat agree,Somewhat agree,Strongly agree,Strongly agree,Strongly agree,Somewhat agree,Somewhat agree,Somewhat agree,Strongly agree,Strongly agree,Somewhat agree,Somewhat agree,Neutral,Strongly agree,Somewhat agree
Open to new experiences,Mais que 10 anos,Strongly agree,Strongly agree,Strongly agree,Neutral,Somewhat agree,Somewhat agree,Strongly agree,Neutral,Strongly agree,Strongly agree,Strongly agree,Somewhat disagree,Somewhat agree,Somewhat disagree,Neutral,Strongly agree,Somewhat agree,Somewhat agree,Somewhat agree
Open to new experiences,9 a 10 anos,Somewhat agree,Strongly agree,Strongly agree,Strongly agree,Strongly agree,Strongly agree,Strongly agree,Somewhat agree,Neutral,Neutral,Somewhat agree,Somewhat agree,Somewhat agree,Somewhat agree,Somewhat agree,Strongly agree,Strongly agree,Somewhat agree,Neutral
Open to new experiences,Mais que 10 anos,Somewhat agree,Strongly agree,Somewhat agree,Somewhat agree,Somewhat agree,Neutral,Strongly agree,Neutral,Strongly agree,Somewhat agree,Strongly agree,Neutral,Somewhat agree,Somewhat agree,Somewhat agree,Neutral,Neutral,Neutral,Neutral
Open to new experiences,3 a 5 anos,Neutral,Somewhat agree,Strongly agree,Somewhat agree,Somewhat agree,Strongly agree,Strongly agree,Somewhat agree,Somewhat agree,Strongly agree,Somewhat agree,Somewhat disagree,Neutral,Somewhat disagree,Strongly agree,Somewhat agree,Strongly agree,Neutral,Somewhat agree
Open to new experiences,3 a 5 anos,Strongly agree,Strongly agree,Strongly agree,Strongly agree,Strongly agree,Strongly agree,Strongly agree,Strongly agree,Strongly agree,Strongly agree,Somewhat disagree,Strongly agree,Somewhat agree,Neutral,Strongly agree,Strongly agree,Neutral,Strongly agree,Strongly agree
Open to new experiences,9 a 10 anos,Strongly agree,Somewhat agree,Somewhat agree,Neutral,Somewhat agree,Neutral,Somewhat agree,Neutral,Neutral,Neutral,Somewhat agree,Somewhat agree,Somewhat agree,Neutral,Neutral,Somewhat agree,Somewhat agree,Neutral,Neutral
Open to new experiences,1 a 2 anos,Strongly agree,Strongly agree,Strongly agree,Somewhat agree,Strongly agree,Somewhat agree,Strongly agree,Strongly agree,Somewhat agree,Strongly agree,Somewhat agree,Neutral,Strongly agree,Somewhat agree,Strongly agree,Strongly agree,Neutral,Neutral,Strongly agree
Open to new experiences,6 a 8 anos,Somewhat agree,Strongly agree,Neutral,Somewhat agree,Somewhat agree,Strongly agree,Neutral,Neutral,Neutral,Somewhat agree,Neutral,Somewhat agree,Neutral,Somewhat agree,Somewhat disagree,Strongly agree,Strongly agree,Neutral,Somewhat agree
Open to new experiences,3 a 5 anos,Strongly agree,Strongly agree,Strongly agree,Neutral,Strongly agree,Strongly agree,Strongly agree,Somewhat agree,Strongly agree,Strongly agree,Strongly agree,Strongly agree,Strongly agree,Strongly agree,Strongly agree,Strongly agree,Strongly agree,Neutral,Neutral
Open to new experiences,1 a 2 anos,Somewhat agree,Somewhat agree,Somewhat agree,Somewhat agree,Somewhat agree,Somewhat agree,Neutral,Somewhat agree,Somewhat agree,Somewhat agree,Somewhat agree,Somewhat agree,Somewhat agree,Somewhat agree,Somewhat agree,Somewhat agree,Somewhat agree,Somewhat agree,Somewhat agree
Open to new experiences,Mais que 10 anos,Somewhat agree,Strongly agree,Somewhat agree,Somewhat agree,Neutral,Somewhat agree,Strongly agree,Somewhat agree,Somewhat agree,Somewhat agree,Somewhat agree,Somewhat agree,Somewhat disagree,Somewhat agree,Neutral,Neutral,Somewhat agree,Neutral,Somewhat disagree
Open to new experiences,Mais que 10 anos,Strongly agree,Neutral,Somewhat disagree,Somewhat agree,Strongly disagree,Neutral,Somewhat disagree,Somewhat disagree,Somewhat disagree,Strongly agree,Somewhat disagree,Neutral,Neutral,Strongly agree,Strongly disagree,Strongly agree,Somewhat disagree,Strongly agree,Strongly agree
Open to new experiences,Mais que 10 anos,Somewhat agree,Strongly agree,Somewhat agree,Somewhat agree,Somewhat agree,Somewhat agree,Somewhat agree,Neutral,Strongly agree,Somewhat agree,Somewhat agree,Somewhat agree,Neutral,Somewhat disagree,Neutral,Somewhat agree,Somewhat agree,Somewhat agree,Somewhat agree
Open to new experiences,1 a 2 anos,Somewhat agree,Somewhat agree,Somewhat agree,Strongly agree,Strongly agree,Strongly agree,Somewhat agree,Strongly agree,Neutral,Strongly agree,Neutral,Somewhat agree,Neutral,Neutral,Strongly agree,Somewhat agree,Somewhat agree,Somewhat agree,Somewhat agree
Open to new experiences,Mais que 10 anos,Strongly agree,Strongly agree,Strongly agree,Strongly agree,Strongly agree,Strongly agree,Strongly agree,Strongly agree,Strongly agree,Strongly agree,Somewhat disagree,Strongly agree,Strongly agree,Strongly agree,Strongly agree,Strongly agree,Strongly agree,Neutral,Somewhat disagree
Open to new experiences,3 a 5 anos,Somewhat agree,Strongly agree,Strongly agree,Neutral,Somewhat agree,Neutral,Somewhat agree,Somewhat agree,Strongly agree,Somewhat agree,Neutral,Strongly agree,Somewhat agree,Somewhat agree,Strongly agree,Somewhat agree,Neutral,Neutral,Somewhat disagree
Open to new experiences,Mais que 10 anos,Somewhat agree,Strongly agree,Somewhat agree,Somewhat agree,Strongly agree,Somewhat agree,Strongly agree,Strongly agree,Strongly agree,Strongly agree,Somewhat agree,Neutral,Somewhat agree,Neutral,Neutral,Somewhat agree,Strongly agree,Strongly agree,Strongly agree
Open to new experiences,Mais que 10 anos,Strongly agree,Somewhat agree,Strongly agree,Strongly agree,Strongly agree,Neutral,Somewhat agree,Neutral,Somewhat agree,Neutral,Somewhat agree,Neutral,Neutral,Strongly agree,Strongly agree,Strongly agree,Somewhat agree,Somewhat agree,Neutral
Open to new experiences,Mais que 10 anos,Somewhat agree,Somewhat agree,Somewhat agree,Neutral,Neutral,Neutral,Somewhat agree,Strongly agree,Neutral,Neutral,Somewhat agree,Neutral,Neutral,Somewhat agree,Neutral,Strongly agree,Somewhat agree,Neutral,Neutral
Open to new experiences,Mais que 10 anos,Somewhat agree,Strongly agree,Strongly agree,Strongly agree,Somewhat agree,Strongly agree,Strongly agree,Strongly agree,Strongly agree,Strongly agree,Somewhat agree,Strongly agree,Strongly agree,Somewhat disagree,Neutral,Somewhat agree,Strongly agree,Strongly agree,Somewhat agree
Open to new experiences,3 a 5 anos,Strongly agree,Neutral,Strongly disagree,Strongly agree,Strongly agree,Somewhat agree,Strongly disagree,Strongly disagree,Strongly disagree,Strongly disagree,Neutral,Strongly agree,Neutral,Strongly agree,Strongly agree,Strongly agree,Strongly disagree,Strongly disagree,Somewhat disagree
Open to new experiences,3 a 5 anos,Somewhat agree,Strongly agree,Somewhat agree,Somewhat agree,Strongly agree,Somewhat agree,Strongly agree,Somewhat agree,Strongly agree,Somewhat agree,Somewhat agree,Strongly agree,Somewhat agree,Somewhat agree,Somewhat agree,Somewhat agree,Somewhat agree,Neutral,Somewhat agree
Open to new experiences,6 a 8 anos,Strongly agree,Strongly agree,Strongly agree,Somewhat agree,Strongly agree,Strongly disagree,Somewhat agree,Somewhat agree,Somewhat disagree,Strongly agree,Somewhat disagree,Somewhat agree,Somewhat disagree,Strongly agree,Strongly agree,Strongly agree,Somewhat agree,Somewhat agree,Strongly agree
Open to new experiences,1 a 2 anos,Somewhat agree,Strongly agree,Somewhat agree,Strongly agree,Neutral,Somewhat agree,Somewhat agree,Somewhat agree,Somewhat agree,Neutral,Neutral,Somewhat agree,Neutral,Somewhat agree,Somewhat agree,Somewhat disagree,Neutral,Strongly agree,Strongly agree
Open to new experiences,6 a 8 anos,Strongly agree,Strongly agree,Strongly agree,Strongly agree,Somewhat agree,Somewhat agree,Strongly agree,Somewhat agree,Strongly agree,Somewhat agree,Somewhat agree,Strongly agree,Strongly agree,Strongly agree,Somewhat disagree,Neutral,Somewhat agree,Strongly agree,Somewhat agree
Open to new experiences,Mais que 10 anos,Neutral,Strongly agree,Neutral,Somewhat agree,Strongly disagree,Strongly agree,Neutral,Neutral,Strongly agree,Neutral,Strongly agree,Strongly agree,Strongly agree,Somewhat agree,Strongly disagree,Strongly disagree,Somewhat agree,Strongly disagree,Somewhat disagree
Open to new experiences,Mais que 10 anos,Somewhat agree,Strongly agree,Somewhat agree,Strongly agree,Somewhat agree,Strongly agree,Somewhat agree,Somewhat agree,Strongly agree,Strongly agree,Somewhat agree,Strongly agree,Strongly agree,Strongly agree,Neutral,Somewhat disagree,Strongly agree,Strongly agree,Strongly agree
Open to new experiences,Mais que 10 anos,Strongly agree,Strongly agree,Somewhat agree,Somewhat agree,Strongly agree,Neutral,Neutral,Somewhat agree,Somewhat agree,Somewhat agree,Neutral,Neutral,Somewhat agree,Strongly agree,Somewhat agree,Neutral,Somewhat agree,Somewhat agree,Neutral
Open to new experiences,Mais que 10 anos,Strongly agree,Strongly agree,Somewhat agree,Somewhat agree,Somewhat agree,Somewhat agree,Somewhat agree,Strongly agree,Somewhat agree,Strongly agree,Strongly agree,Neutral,Strongly agree,Strongly agree,Somewhat agree,Neutral,Strongly agree,Strongly agree,Somewhat agree
Open to new experiences,Mais que 10 anos,Strongly agree,Strongly agree,Somewhat agree,Strongly agree,Strongly agree,Somewhat agree,Somewhat agree,Somewhat agree,Strongly agree,Strongly agree,Somewhat agree,Somewhat agree,Strongly agree,Strongly agree,Somewhat agree,Neutral,Neutral,Strongly agree,Neutral
Open to new experiences,6 a 8 anos,Somewhat agree,Strongly agree,Strongly agree,Strongly agree,Strongly disagree,Somewhat agree,Neutral,Strongly agree,Strongly agree,Neutral,Somewhat disagree,Somewhat agree,Somewhat agree,Neutral,Somewhat disagree,Somewhat disagree,Somewhat agree,Strongly agree,Strongly agree
Open to new experiences,Mais que 10 anos,Strongly agree,Somewhat agree,Neutral,Somewhat agree,Neutral,Somewhat agree,Somewhat disagree,Somewhat disagree,Somewhat disagree,Somewhat agree,Somewhat disagree,Neutral,Neutral,Strongly agree,Somewhat agree,Neutral,Somewhat disagree,Somewhat agree,Neutral
Open to new experiences,Mais que 10 anos,Strongly agree,Strongly agree,Somewhat agree,Somewhat agree,Strongly disagree,Somewhat disagree,Somewhat agree,Somewhat agree,Somewhat agree,Somewhat agree,Strongly agree,Somewhat disagree,Somewhat agree,Strongly agree,Somewhat agree,Somewhat disagree,Somewhat disagree,Somewhat agree,Somewhat agree
Open to new experiences,Mais que 10 anos,Strongly agree,Strongly agree,Strongly agree,Somewhat agree,Somewhat agree,Strongly agree,Neutral,Somewhat agree,Strongly agree,Somewhat agree,Somewhat agree,Somewhat agree,Somewhat agree,Neutral,Somewhat agree,Somewhat disagree,Somewhat agree,Somewhat agree,Somewhat agree
Open to new experiences,Mais que 10 anos,Strongly agree,Strongly agree,Somewhat agree,Strongly agree,Strongly agree,Strongly agree,Strongly agree,Somewhat agree,Strongly agree,Strongly agree,Somewhat agree,Strongly agree,Strongly agree,Neutral,Strongly agree,Neutral,Neutral,Somewhat agree,Neutral
Open to new experiences,Mais que 10 anos,Somewhat agree,Strongly agree,Strongly agree,Strongly agree,Somewhat agree,Neutral,Neutral,Somewhat agree,Somewhat agree,Strongly agree,Strongly agree,Somewhat agree,Somewhat agree,Somewhat disagree,Neutral,Neutral,Neutral,Strongly agree,Somewhat agree