Personality,Experience,A higher salary proposal,A toxic management,Lack of professional recognition,Lack of a career plan,Unmet job expectations,Not having a good relationship with co-workers,Lack of internal communication in the company,Lack of flexibility and autonomy on deciding preferred working time,Desire to live new professional experiences,Working overtime frequently,Lack of technical challenges,Working with short lead deadlines,A job offer from a company large and known tech company,A repetitive work,A job offer in another country,The use of obsolete technologies,An inadequate working environment/physical infrastructure,Lack of autonomy to make decisions at work,High demand in the industry for software engineers
Extroversion,Mais que 10 anos,Strongly agree,Strongly disagree,Neutral,Neutral,Neutral,Strongly disagree,Strongly disagree,Strongly disagree,Strongly agree,Strongly disagree,Strongly disagree,Somewhat agree,Strongly agree,Somewhat agree,Strongly agree,Strongly disagree,Strongly disagree,Strongly disagree,Strongly disagree
Extroversion,Mais que 10 anos,Somewhat agree,Strongly agree,Strongly agree,Somewhat agree,Somewhat agree,Strongly agree,Somewhat agree,Strongly agree,Neutral,Somewhat agree,Somewhat agree,Neutral,Somewhat agree,Somewhat agree,Somewhat disagree,Neutral,Somewhat agree,Strongly agree,Somewhat agree
Extroversion,1 a 2 anos,Strongly disagree,Strongly agree,Strongly agree,Strongly agree,Strongly agree,Strongly agree,Strongly agree,Strongly agree,Somewhat agree,Somewhat agree,Somewhat agree,Somewhat agree,Strongly disagree,Strongly agree,Neutral,Somewhat agree,Neutral,Strongly agree,Strongly disagree
Extroversion,Mais que 10 anos,Strongly agree,Strongly agree,Strongly agree,Strongly agree,Strongly agree,Strongly agree,Strongly agree,Strongly agree,Strongly agree,Strongly agree,Strongly agree,Strongly agree,Strongly agree,Strongly agree,Strongly agree,Strongly agree,Strongly agree,Strongly agree,Strongly agree
Extroversion,Mais que 10 anos,Strongly agree,Strongly agree,Strongly agree,Strongly agree,Strongly agree,Neutral,Somewhat agree,Somewhat agree,Strongly agree,Neutral,Strongly agree,Strongly agree,Neutral,Strongly agree,Neutral,Strongly agree,Somewhat agree,Neutral,Neutral
Extroversion,Mais que 10 anos,Strongly agree,Strongly agree,Strongly agree,Strongly agree,Neutral,Strongly agree,Somewhat agree,Somewhat agree,Somewhat agree,Neutral,Somewhat agree,Neutral,Strongly agree,Strongly agree,Strongly agree,Strongly agree,Neutral,Neutral,Neutral
Extroversion,Mais que 10 anos,Somewhat agree,Strongly agree,Somewhat agree,Neutral,Somewhat agree,Strongly agree,Strongly agree,Somewhat agree,Somewhat agree,Strongly agree,Somewhat agree,Strongly agree,Neutral,Somewhat agree,Somewhat agree,Strongly agree,Somewhat agree,Somewhat agree,Neutral
Extroversion,6 a 8 anos,Strongly agree,Strongly disagree,Strongly disagree,Strongly disagree,Strongly disagree,Strongly disagree,Strongly disagree,Strongly disagree,Strongly agree,Strongly disagree,Strongly disagree,Strongly disagree,Strongly disagree,Strongly disagree,Strongly agree,Strongly disagree,Strongly disagree,Strongly disagree,Strongly agree
Extroversion,1 a 2 anos,Strongly agree,Strongly disagree,Strongly agree,Strongly agree,Strongly agree,Strongly disagree,Somewhat agree,Strongly agree,Strongly agree,Somewhat agree,Neutral,Neutral,Strongly disagree,Neutral,Strongly disagree,Strongly agree,Strongly disagree,Strongly disagree,Strongly agree
Extroversion,Mais que 10 anos,Somewhat agree,Strongly agree,Strongly agree,Strongly agree,Neutral,Somewhat agree,Somewhat agree,Strongly agree,Somewhat agree,Somewhat agree,Strongly agree,Somewhat agree,Strongly agree,Neutral,Strongly agree,Strongly agree,Neutral,Somewhat agree,Somewhat agree
Extroversion,3 a 5 anos,Strongly agree,Strongly agree,Strongly agree,Strongly agree,Strongly agree,Somewhat agree,Strongly agree,Strongly agree,Neutral,Neutral,Somewhat agree,Somewhat agree,Strongly agree,Neutral,Strongly agree,Strongly agree,Somewhat agree,Somewhat agree,Strongly agree
Extroversion,Mais que 10 anos,Somewhat agree,Strongly agree,Somewhat agree,Somewhat agree,Somewhat agree,Somewhat agree,Somewhat agree,Somewhat agree,Neutral,Strongly agree,Somewhat agree,Neutral,Neutral,Neutral,Neutral,Somewhat agree,Somewhat agree,Somewhat agree,Somewhat agree
Extroversion,3 a 5 anos,Strongly agree,Strongly agree,Somewhat agree,Somewhat agree,Somewhat agree,Strongly agree,Somewhat agree,Neutral,Somewhat agree,Neutral,Somewhat agree,Neutral,Somewhat disagree,Somewhat agree,Strongly agree,Somewhat disagree,Neutral,Neutral,Neutral
Extroversion,6 a 8 anos,Somewhat agree,Strongly agree,Strongly agree,Somewhat agree,Strongly agree,Strongly agree,Somewhat agree,Somewhat agree,Strongly agree,Somewhat agree,Somewhat agree,Neutral,Somewhat agree,Strongly agree,Somewhat agree,Somewhat disagree,Neutral,Somewhat agree,Neutral
Extroversion,3 a 5 anos,Somewhat agree,Strongly agree,Strongly agree,Strongly agree,Strongly agree,Somewhat agree,Strongly agree,Strongly agree,Strongly agree,Somewhat agree,Somewhat agree,Somewhat agree,Somewhat agree,Somewhat agree,Somewhat agree,Somewhat agree,Somewhat agree,Strongly agree,Neutral
Extroversion,6 a 8 anos,Strongly agree,Strongly agree,Strongly agree,Strongly agree,Strongly agree,Somewhat agree,Somewhat agree,Strongly agree,Strongly agree,Somewhat agree,Somewhat agree,Somewhat agree,Neutral,Somewhat agree,Strongly agree,Strongly agree,Strongly agree,Strongly agree,Somewhat agree
Extroversion,3 a 5 anos,Strongly agree,Strongly agree,Strongly agree,Somewhat agree,Strongly agree,Somewhat agree,Strongly agree,Neutral,Somewhat agree,Strongly agree,Somewhat agree,Neutral,Somewhat agree,Neutral,Somewhat disagree,Somewhat agree,Somewhat agree,Somewhat agree,Strongly disagree
Extroversion,3 a 5 anos,Somewhat agree,Somewhat agree,Somewhat agree,Neutral,Neutral,Strongly agree,Somewhat agree,Neutral,Neutral,Somewhat disagree,Strongly agree,Somewhat agree,Somewhat agree,Somewhat agree,Somewhat agree,Somewhat disagree,Neutral,Somewhat agree,Neutral
Extroversion,9 a 10 anos,Strongly agree,Strongly agree,Somewhat agree,Strongly agree,Strongly agree,Strongly agree,Somewhat agree,Somewhat disagree,Strongly agree,Somewhat agree,Somewhat agree,Somewhat agree,Strongly agree,Neutral,Strongly agree,Strongly agree,Strongly agree,Somewhat agree,Strongly agree
Extroversion,6 a 8 anos,Somewhat agree,Strongly agree,Neutral,Somewhat agree,Neutral,Somewhat agree,Somewhat agree,Neutral,Neutral,Neutral,Neutral,Neutral,Neutral,Somewhat agree,Neutral,Neutral,Neutral,Neutral,Neutral
Extroversion,3 a 5 anos,Strongly agree,Strongly agree,Strongly agree,Strongly agree,Strongly agree,Strongly agree,Strongly agree,Strongly agree,Strongly agree,Strongly agree,Somewhat agree,Strongly agree,Strongly agree,Strongly agree,Strongly agree,Strongly agree,Strongly agree,Strongly agree,Somewhat agree
Extroversion,Menos de 1 ano,Strongly agree,Somewhat agree,Strongly agree,Somewhat agree,Somewhat agree,Somewhat disagree,Neutral,Strongly agree,Strongly agree,Neutral,Somewhat agree,Strongly agree,Strongly agree,Neutral,Strongly agree,Neutral,Somewhat agree,Strongly agree,Strongly agree
Extroversion,3 a 5 anos,Somewhat agree,Somewhat agree,Somewhat agree,Neutral,Somewhat agree,Neutral,Somewhat agree,Neutral,Somewhat agree,Somewhat agree,Somewhat agree,Neutral,Somewhat agree,Neutral,Somewhat agree,Somewhat agree,Neutral,Neutral,Somewhat agree
Extroversion,1 a 2 anos,Strongly agree,Strongly agree,Strongly agree,Strongly agree,Somewhat agree,Strongly agree,Somewhat agree,Strongly agree,Somewhat agree,Neutral,Somewhat agree,Somewhat agree,Strongly agree,Neutral,Strongly agree,Neutral,Somewhat agree,Neutral,Neutral
Extroversion,6 a 8 anos,Somewhat agree,Strongly agree,Strongly agree,Somewhat agree,Somewhat agree,Somewhat agree,Somewhat agree,Somewhat agree,Somewhat agree,Somewhat agree,Somewhat agree,Somewhat agree,Neutral,Somewhat agree,Neutral,Somewhat agree,Strongly agree,Somewhat agree,Somewhat agree
Extroversion,Mais que 10 anos,Strongly agree,Strongly agree,Strongly agree,Strongly agree,Somewhat agree,Somewhat agree,Somewhat agree,Strongly agree,Somewhat agree,Somewhat agree,Somewhat agree,Strongly agree,Somewhat agree,Somewhat agree,Neutral,Neutral,Strongly agree,Somewhat agree,Strongly agree
Extroversion,3 a 5 anos,Strongly agree,Strongly agree,Somewhat agree,Strongly agree,Neutral,Strongly agree,Somewhat agree,Somewhat agree,Somewhat agree,Somewhat agree,Somewhat disagree,Somewhat agree,Neutral,Somewhat disagree,Somewhat agree,Somewhat disagree,Somewhat agree,Neutral,Neutral
Extroversion,Mais que 10 anos,Strongly disagree,Strongly disagree,Strongly disagree,Strongly disagree,Strongly disagree,Strongly disagree,Strongly disagree,Strongly disagree,Strongly disagree,Strongly disagree,Somewhat disagree,Strongly disagree,Strongly disagree,Somewhat disagree,Strongly disagree,Strongly disagree,Strongly disagree,Strongly disagree,Strongly disagree
Extroversion,6 a 8 anos,Strongly agree,Strongly agree,Strongly agree,Strongly agree,Strongly agree,Strongly agree,Strongly agree,Somewhat agree,Strongly agree,Neutral,Neutral,Neutral,Strongly agree,Somewhat agree,Strongly agree,Neutral,Strongly agree,Neutral,Somewhat disagree
Extroversion,1 a 2 anos,Strongly agree,Strongly agree,Somewhat agree,Somewhat agree,Somewhat agree,Somewhat agree,Somewhat agree,Somewhat agree,Neutral,Somewhat agree,Neutral,Somewhat agree,Somewhat agree,Somewhat agree,Somewhat agree,Somewhat agree,Neutral,Somewhat disagree,Somewhat disagree
Extroversion,1 a 2 anos,Strongly agree,Somewhat agree,Somewhat agree,Somewhat agree,Neutral,Somewhat agree,Neutral,Somewhat agree,Somewhat agree,Somewhat agree,Somewhat agree,Somewhat agree,Somewhat agree,Somewhat disagree,Strongly agree,Strongly agree,Neutral,Neutral,Neutral
Extroversion,Mais que 10 anos,Strongly agree,Strongly agree,Strongly agree,Strongly agree,Strongly agree,Strongly agree,Somewhat agree,Somewhat agree,Strongly agree,Strongly agree,Strongly agree,Somewhat agree,Somewhat agree,Strongly agree,Strongly agree,Somewhat agree,Neutral,Somewhat agree,Strongly agree
Extroversion,Mais que 10 anos,Somewhat agree,Strongly agree,Somewhat agree,Somewhat agree,Neutral,Somewhat agree,Somewhat disagree,Somewhat agree,Somewhat agree,Somewhat disagree,Strongly agree,Somewhat disagree,Neutral,Somewhat disagree,Neutral,Neutral,Neutral,Neutral,Somewhat disagree
Extroversion,Mais que 10 anos,Somewhat agree,Strongly agree,Somewhat agree,Strongly agree,Somewhat agree,Strongly agree,Neutral,Somewhat agree,Somewhat agree,Neutral,Neutral,Neutral,Somewhat agree,Neutral,Neutral,Neutral,Strongly agree,Somewhat agree,Somewhat agree
Extroversion,Menos de 1 ano,Strongly agree,Strongly agree,Strongly agree,Strongly agree,Strongly agree,Neutral,Strongly agree,Somewhat disagree,Strongly agree,Somewhat agree,Neutral,Somewhat agree,Strongly agree,Somewhat disagree,Strongly agree,Strongly agree,Strongly agree,Neutral,Strongly agree
Extroversion,3 a 5 anos,Neutral,Strongly agree,Strongly agree,Strongly agree,Strongly agree,Strongly agree,Strongly agree,Strongly agree,Somewhat disagree,Strongly agree,Strongly agree,Strongly agree,Neutral,Somewhat agree,Neutral,Strongly agree,Strongly agree,Strongly agree,Strongly agree
Extroversion,1 a 2 anos,Strongly agree,Strongly agree,Strongly agree,Strongly agree,Somewhat agree,Somewhat agree,Strongly agree,Strongly agree,Strongly agree,Neutral,Somewhat agree,Strongly agree,Strongly agree,Neutral,Strongly agree,Neutral,Somewhat agree,Strongly agree,Somewhat agree
Extroversion,Mais que 10 anos,Strongly agree,Strongly agree,Somewhat agree,Neutral,Strongly agree,Neutral,Neutral,Strongly agree,Somewhat agree,Somewhat agree,Somewhat agree,Somewhat agree,Neutral,Strongly agree,Strongly agree,Strongly agree,Strongly agree,Somewhat agree,Strongly agree
Extroversion,Mais que 10 anos,Strongly agree,Neutral,Somewhat disagree,Somewhat disagree,Somewhat agree,Somewhat disagree,Somewhat disagree,Strongly agree,Strongly disagree,Strongly agree,Neutral,Strongly agree,Strongly disagree,Neutral,Strongly agree,Somewhat disagree,Somewhat disagree,Neutral,Strongly agree
Extroversion,Mais que 10 anos,Somewhat agree,Strongly agree,Somewhat agree,Somewhat agree,Somewhat agree,Strongly agree,Neutral,Somewhat agree,Somewhat agree,Somewhat agree,Somewhat agree,Somewhat agree,Neutral,Somewhat agree,Somewhat agree,Somewhat agree,Somewhat agree,Neutral,Somewhat disagree
Extroversion,Mais que 10 anos,Strongly agree,Strongly agree,Strongly agree,Strongly agree,Neutral,Neutral,Strongly agree,Strongly agree,Neutral,Strongly agree,Strongly agree,Strongly agree,Strongly agree,Strongly agree,Somewhat agree,Strongly agree,Strongly agree,Strongly agree,Strongly disagree
Extroversion,3 a 5 anos,Strongly agree,Strongly agree,Somewhat agree,Neutral,Strongly disagree,Strongly agree,Neutral,Strongly agree,Strongly agree,Strongly agree,Somewhat agree,Strongly agree,Strongly agree,Strongly agree,Strongly agree,Neutral,Strongly disagree,Neutral,Neutral
Extroversion,Menos de 1 ano,Strongly agree,Somewhat agree,Somewhat agree,Strongly agree,Strongly agree,Somewhat disagree,Somewhat agree,Neutral,Somewhat agree,Somewhat agree,Somewhat disagree,Somewhat agree,Strongly agree,Somewhat agree,Somewhat agree,Somewhat disagree,Neutral,Neutral,Somewhat disagree
Extroversion,Mais que 10 anos,Strongly agree,Strongly agree,Strongly agree,Neutral,Neutral,Neutral,Somewhat agree,Strongly agree,Neutral,Strongly agree,Strongly agree,Strongly agree,Neutral,Strongly agree,Strongly agree,Strongly agree,Somewhat agree,Somewhat agree,Neutral
Extroversion,3 a 5 anos,Somewhat agree,Strongly agree,Strongly agree,Somewhat agree,Neutral,Strongly agree,Somewhat agree,Somewhat agree,Somewhat agree,Neutral,Neutral,Somewhat disagree,Strongly agree,Strongly agree,Somewhat agree,Neutral,Neutral,Somewhat agree,Somewhat agree
Extroversion,1 a 2 anos,Strongly agree,Strongly agree,Somewhat agree,Strongly agree,Somewhat agree,Strongly agree,Somewhat agree,Somewhat agree,Neutral,Strongly agree,Strongly agree,Somewhat agree,Somewhat agree,Somewhat agree,Strongly agree,Neutral,Neutral,Neutral,Neutral
Extroversion,Mais que 10 anos,Somewhat agree,Strongly agree,Strongly agree,Strongly agree,Strongly agree,Somewhat agree,Strongly agree,Somewhat agree,Somewhat agree,Somewhat agree,Somewhat agree,Neutral,Neutral,Somewhat agree,Somewhat agree,Strongly agree,Strongly agree,Somewhat agree,Somewhat agree
Extroversion,Mais que 10 anos,Somewhat agree,Strongly agree,Strongly agree,Neutral,Strongly agree,Somewhat agree,Somewhat agree,Strongly agree,Strongly agree,Somewhat agree,Strongly agree,Somewhat agree,Strongly agree,Strongly agree,Somewhat agree,Strongly agree,Somewhat agree,Somewhat agree,Strongly agree
Extroversion,Mais que 10 anos,Strongly agree,Somewhat agree,Strongly agree,Somewhat agree,Strongly agree,Somewhat agree,Neutral,Neutral,Strongly agree,Somewhat agree,Neutral,Neutral,Strongly agree,Neutral,Strongly agree,Somewhat agree,Somewhat agree,Neutral,Strongly agree
Extroversion,Mais que 10 anos,Strongly agree,Strongly agree,Somewhat agree,Strongly agree,Somewhat agree,Strongly agree,Somewhat agree,Neutral,Somewhat disagree,Neutral,Somewhat disagree,Somewhat disagree,Strongly agree,Neutral,Strongly agree,Neutral,Somewhat agree,Strongly disagree,Strongly agree
Extroversion,3 a 5 anos,Strongly agree,Neutral,Strongly disagree,Strongly disagree,Strongly agree,Strongly disagree,Strongly disagree,Strongly disagree,Strongly agree,Strongly disagree,Somewhat agree,Somewhat disagree,Strongly agree,Strongly agree,Strongly agree,Strongly disagree,Neutral,Neutral,Strongly agree
Extroversion,6 a 8 anos,Strongly agree,Strongly agree,Strongly agree,Somewhat agree,Somewhat agree,Somewhat disagree,Somewhat agree,Strongly agree,Strongly agree,Somewhat agree,Strongly disagree,Strongly agree,Strongly agree,Somewhat agree,Strongly agree,Somewhat agree,Somewhat disagree,Somewhat disagree,Strongly agree
Extroversion,3 a 5 anos,Somewhat agree,Strongly agree,Somewhat agree,Strongly agree,Strongly agree,Strongly agree,Neutral,Somewhat agree,Neutral,Strongly agree,Strongly agree,Somewhat agree,Somewhat disagree,Neutral,Neutral,Somewhat agree,Strongly agree,Somewhat agree,Neutral
Extroversion,3 a 5 anos,Strongly agree,Somewhat disagree,Somewhat disagree,Strongly agree,Strongly disagree,Strongly agree,Somewhat agree,Somewhat agree,Strongly agree,Somewhat disagree,Somewhat disagree,Somewhat disagree,Somewhat agree,Somewhat agree,Strongly disagree,Somewhat agree,Somewhat agree,Neutral,Somewhat agree
Extroversion,1 a 2 anos,Strongly agree,Somewhat agree,Somewhat agree,Strongly agree,Strongly agree,Strongly agree,Somewhat agree,Neutral,Somewhat disagree,Somewhat agree,Somewhat agree,Somewhat agree,Neutral,Neutral,Somewhat disagree,Somewhat agree,Neutral,Neutral,Neutral
Extroversion,9 a 10 anos,Somewhat agree,Strongly agree,Somewhat agree,Strongly agree,Neutral,Somewhat disagree,Strongly disagree,Strongly disagree,Neutral,Strongly disagree,Neutral,Strongly disagree,Strongly disagree,Strongly agree,Strongly disagree,Somewhat disagree,Neutral,Somewhat agree,Neutral
Extroversion,Mais que 10 anos,Strongly agree,Strongly agree,Somewhat agree,Somewhat agree,Strongly agree,Strongly agree,Somewhat agree,Strongly agree,Strongly agree,Somewhat agree,Somewhat agree,Somewhat agree,Strongly agree,Neutral,Somewhat disagree,Strongly agree,Somewhat agree,Somewhat agree,Strongly agree
Extroversion,3 a 5 anos,Strongly agree,Strongly agree,Strongly agree,Strongly agree,Strongly agree,Strongly agree,Strongly agree,Strongly agree,Strongly agree,Strongly agree,Strongly agree,Strongly agree,Strongly agree,Strongly agree,Strongly disagree,Strongly agree,Strongly agree,Strongly agree,Strongly agree
Extroversion,1 a 2 anos,Strongly agree,Strongly agree,Neutral,Neutral,Somewhat agree,Neutral,Somewhat agree,Somewhat agree,Neutral,Strongly agree,Neutral,Strongly agree,Strongly agree,Somewhat agree,Somewhat disagree,Strongly agree,Neutral,Neutral,Neutral
Extroversion,Mais que 10 anos,Strongly agree,Strongly agree,Somewhat agree,Somewhat disagree,Somewhat agree,Somewhat agree,Strongly agree,Strongly disagree,Somewhat disagree,Somewhat agree,Neutral,Strongly agree,Strongly disagree,Somewhat disagree,Strongly disagree,Somewhat agree,Strongly disagree,Neutral,Strongly agree
Extroversion,Mais que 10 anos,Strongly agree,Strongly agree,Strongly disagree,Strongly agree,Somewhat agree,Somewhat agree,Somewhat disagree,Somewhat disagree,Strongly disagree,Somewhat agree,Somewhat agree,Strongly disagree,Strongly agree,Strongly agree,Neutral,Neutral,Somewhat agree,Somewhat agree,Somewhat agree
Extroversion,Mais que 10 anos,Strongly agree,Strongly agree,Somewhat agree,Somewhat agree,Somewhat agree,Somewhat agree,Strongly agree,Strongly agree,Somewhat agree,Strongly agree,Somewhat agree,Somewhat agree,Somewhat agree,Neutral,Neutral,Strongly agree,Strongly agree,Strongly agree,Strongly agree
Extroversion,6 a 8 anos,Somewhat agree,Strongly agree,Strongly agree,Neutral,Strongly agree,Strongly agree,Strongly agree,Neutral,Strongly disagree,Strongly agree,Somewhat agree,Strongly agree,Somewhat disagree,Somewhat agree,Somewhat disagree,Somewhat agree,Somewhat disagree,Somewhat agree,Neutral
Extroversion,Mais que 10 anos,Strongly agree,Strongly agree,Neutral,Somewhat agree,Somewhat agree,Strongly agree,Neutral,Neutral,Somewhat agree,Somewhat agree,Neutral,Somewhat agree,Somewhat agree,Somewhat agree,Strongly disagree,Somewhat disagree,Neutral,Neutral,Somewhat disagree
Extroversion,Mais que 10 anos,Strongly agree,Strongly agree,Strongly agree,Neutral,Somewhat agree,Strongly agree,Somewhat agree,Somewhat agree,Somewhat agree,Somewhat agree,Strongly agree,Somewhat agree,Somewhat agree,Somewhat agree,Somewhat disagree,Somewhat agree,Somewhat agree,Somewhat agree,Neutral
Extroversion,3 a 5 anos,Somewhat agree,Strongly agree,Strongly agree,Somewhat agree,Strongly agree,Strongly agree,Neutral,Strongly agree,Strongly agree,Somewhat disagree,Somewhat agree,Strongly disagree,Strongly agree,Somewhat agree,Somewhat agree,Neutral,Somewhat agree,Strongly agree,Somewhat agree