Personality,Experience,A higher salary proposal,A repetitive work,A toxic management,Unmet job expectations,Lack of professional recognition,A job offer from a company large and known tech company,Desire to live new professional experiences,Not having a good relationship with co-workers,Lack of a career plan,Lack of internal communication in the company,Lack of technical challenges,Lack of flexibility and autonomy on deciding preferred working time,Lack of autonomy to make decisions at work,Working with short lead deadlines,An inadequate working environment/physical infrastructure,A job offer in another country,The use of obsolete technologies,Working overtime frequently,High demand in the industry for software engineers
Neuroticism,Mais que 10 anos,Strongly agree,Somewhat agree,Strongly disagree,Neutral,Neutral,Strongly agree,Strongly agree,Strongly disagree,Neutral,Strongly disagree,Strongly disagree,Strongly disagree,Strongly disagree,Somewhat agree,Strongly disagree,Strongly agree,Strongly disagree,Strongly disagree,Strongly disagree
Neuroticism,3 a 5 anos,Somewhat agree,Somewhat agree,Somewhat agree,Somewhat agree,Somewhat agree,Somewhat agree,Neutral,Somewhat agree,Somewhat agree,Somewhat agree,Somewhat agree,Neutral,Neutral,Somewhat agree,Somewhat agree,Neutral,Neutral,Somewhat agree,Neutral
Neuroticism,3 a 5 anos,Somewhat agree,Somewhat agree,Strongly agree,Strongly agree,Strongly agree,Somewhat agree,Strongly agree,Somewhat agree,Strongly agree,Strongly agree,Somewhat agree,Strongly agree,Strongly agree,Somewhat agree,Somewhat agree,Somewhat agree,Somewhat agree,Somewhat agree,Neutral
Neuroticism,6 a 8 anos,Strongly agree,Somewhat agree,Strongly agree,Strongly agree,Strongly agree,Neutral,Strongly agree,Somewhat agree,Strongly agree,Somewhat agree,Somewhat agree,Strongly agree,Strongly agree,Somewhat agree,Strongly agree,Strongly agree,Strongly agree,Somewhat agree,Somewhat agree
Neuroticism,3 a 5 anos,Strongly agree,Strongly agree,Strongly agree,Strongly agree,Strongly agree,Strongly agree,Strongly agree,Strongly agree,Strongly agree,Strongly agree,Somewhat agree,Strongly agree,Strongly agree,Strongly agree,Strongly agree,Strongly agree,Strongly agree,Strongly agree,Somewhat agree
Neuroticism,9 a 10 anos,Somewhat agree,Somewhat agree,Somewhat agree,Somewhat agree,Somewhat agree,Neutral,Somewhat agree,Neutral,Somewhat agree,Somewhat agree,Somewhat agree,Somewhat agree,Somewhat agree,Somewhat disagree,Neutral,Neutral,Somewhat agree,Neutral,Somewhat disagree
Neuroticism,3 a 5 anos,Strongly agree,Somewhat agree,Strongly agree,Strongly agree,Somewhat agree,Somewhat agree,Strongly agree,Somewhat agree,Strongly agree,Somewhat agree,Somewhat disagree,Somewhat agree,Somewhat agree,Somewhat agree,Somewhat agree,Neutral,Neutral,Somewhat disagree,Neutral
Neuroticism,3 a 5 anos,Somewhat agree,Somewhat disagree,Strongly agree,Neutral,Somewhat agree,Somewhat agree,Neutral,Strongly agree,Strongly disagree,Neutral,Neutral,Somewhat agree,Somewhat agree,Neutral,Somewhat agree,Strongly agree,Somewhat agree,Neutral,Somewhat disagree
Neuroticism,1 a 2 anos,Strongly agree,Strongly agree,Somewhat agree,Somewhat agree,Somewhat agree,Strongly agree,Somewhat agree,Strongly agree,Strongly agree,Somewhat agree,Somewhat agree,Strongly agree,Strongly agree,Strongly agree,Neutral,Strongly agree,Somewhat agree,Neutral,Strongly agree
Neuroticism,3 a 5 anos,Strongly agree,Strongly agree,Neutral,Strongly agree,Strongly disagree,Strongly agree,Strongly agree,Strongly disagree,Strongly disagree,Strongly disagree,Somewhat agree,Strongly disagree,Neutral,Somewhat disagree,Neutral,Strongly agree,Strongly disagree,Strongly disagree,Strongly agree
Neuroticism,Mais que 10 anos,Strongly agree,Strongly agree,Strongly agree,Strongly agree,Somewhat agree,Strongly agree,Strongly agree,Strongly agree,Somewhat agree,Strongly agree,Somewhat agree,Strongly agree,Strongly agree,Somewhat agree,Somewhat agree,Strongly disagree,Somewhat disagree,Somewhat agree,Strongly agree