Personality,Gender,Experience,Generation,A higher salary proposal,A toxic management,Lack of professional recognition,Lack of a career plan,Desire to live new professional experiences,Not having a good relationship with co-workers,Lack of internal communication in the company,Unmet job expectations,Lack of flexibility and autonomy on deciding preferred working time,Lack of technical challenges,A repetitive work,A job offer in another country,An inadequate working environment/physical infrastructure,A job offer from a company large and known tech company,Working overtime frequently,Lack of autonomy to make decisions at work,The use of obsolete technologies,High demand in the industry for software engineers,Working with short lead deadlines
Conscientiousness,Masculino,Mais que 10 anos,Generation Y,Strongly agree,Strongly disagree,Neutral,Neutral,Strongly agree,Strongly disagree,Strongly disagree,Neutral,Strongly disagree,Strongly disagree,Somewhat agree,Strongly agree,Strongly disagree,Strongly agree,Strongly disagree,Strongly disagree,Strongly disagree,Strongly disagree,Somewhat agree
Conscientiousness,Masculino,3 a 5 anos,Generation X,Strongly agree,Strongly agree,Strongly agree,Strongly agree,Strongly agree,Strongly agree,Somewhat agree,Neutral,Strongly agree,Somewhat agree,Neutral,Strongly agree,Neutral,Neutral,Neutral,Somewhat disagree,Somewhat agree,Somewhat disagree,Neutral
Conscientiousness,Masculino,Mais que 10 anos,Generation Y,Somewhat agree,Somewhat agree,Somewhat agree,Somewhat agree,Strongly agree,Somewhat agree,Strongly agree,Strongly agree,Somewhat agree,Strongly agree,Somewhat agree,Strongly agree,Somewhat agree,Strongly agree,Strongly agree,Neutral,Strongly agree,Neutral,Somewhat agree
Conscientiousness,Masculino,Mais que 10 anos,Generation Y,Strongly agree,Strongly agree,Somewhat agree,Somewhat agree,Somewhat agree,Strongly agree,Somewhat agree,Somewhat disagree,Strongly agree,Somewhat agree,Somewhat agree,Strongly agree,Somewhat agree,Somewhat agree,Strongly disagree,Strongly agree,Strongly agree,Somewhat disagree,Strongly disagree
Conscientiousness,Masculino,3 a 5 anos,Generation Y,Somewhat agree,Somewhat agree,Somewhat agree,Strongly agree,Somewhat agree,Somewhat disagree,Neutral,Somewhat agree,Somewhat disagree,Strongly agree,Strongly agree,Somewhat agree,Neutral,Somewhat disagree,Somewhat agree,Somewhat disagree,Somewhat agree,Somewhat agree,Strongly disagree
Conscientiousness,Masculino,Mais que 10 anos,Generation Z,Somewhat agree,Strongly agree,Somewhat agree,Somewhat agree,Strongly agree,Somewhat agree,Neutral,Neutral,Neutral,Somewhat agree,Somewhat agree,Neutral,Somewhat agree,Somewhat agree,Somewhat agree,Strongly agree,Somewhat agree,Somewhat agree,Neutral
Conscientiousness,Masculino,1 a 2 anos,Generation Y,Strongly disagree,Strongly agree,Strongly agree,Strongly agree,Somewhat agree,Strongly agree,Strongly agree,Strongly agree,Strongly agree,Somewhat agree,Strongly agree,Neutral,Neutral,Strongly disagree,Somewhat agree,Strongly agree,Somewhat agree,Strongly disagree,Somewhat agree
Conscientiousness,Masculino,Mais que 10 anos,Generation Y,Strongly agree,Strongly agree,Strongly agree,Strongly agree,Strongly agree,Strongly agree,Strongly agree,Strongly agree,Strongly agree,Strongly agree,Strongly agree,Strongly agree,Strongly agree,Strongly agree,Strongly agree,Strongly agree,Strongly agree,Strongly agree,Strongly agree
Conscientiousness,Masculino,Mais que 10 anos,Generation Y,Strongly agree,Strongly agree,Strongly agree,Strongly agree,Strongly agree,Neutral,Somewhat agree,Strongly agree,Somewhat agree,Strongly agree,Strongly agree,Neutral,Somewhat agree,Neutral,Neutral,Neutral,Strongly agree,Neutral,Strongly agree
Conscientiousness,Masculino,6 a 8 anos,Generation Y,Strongly agree,Strongly disagree,Strongly disagree,Strongly disagree,Strongly agree,Strongly disagree,Strongly disagree,Strongly disagree,Strongly disagree,Strongly disagree,Strongly disagree,Strongly agree,Strongly disagree,Strongly disagree,Strongly disagree,Strongly disagree,Strongly disagree,Strongly agree,Strongly disagree
Conscientiousness,Masculino,1 a 2 anos,Generation Y,Somewhat agree,Strongly agree,Strongly agree,Neutral,Strongly agree,Strongly agree,Somewhat agree,Somewhat agree,Somewhat agree,Strongly agree,Strongly agree,Strongly agree,Somewhat agree,Neutral,Somewhat disagree,Neutral,Neutral,Somewhat agree,Somewhat disagree
Conscientiousness,Masculino,1 a 2 anos,Generation X,Strongly agree,Strongly disagree,Strongly agree,Strongly agree,Strongly agree,Strongly disagree,Somewhat agree,Strongly agree,Strongly agree,Neutral,Neutral,Strongly disagree,Strongly disagree,Strongly disagree,Somewhat agree,Strongly disagree,Strongly agree,Strongly agree,Neutral
Conscientiousness,Feminino,Mais que 10 anos,Generation Z,Somewhat agree,Strongly agree,Strongly agree,Strongly agree,Somewhat agree,Somewhat agree,Somewhat agree,Neutral,Strongly agree,Strongly agree,Neutral,Strongly agree,Neutral,Strongly agree,Somewhat agree,Somewhat agree,Strongly agree,Somewhat agree,Somewhat agree
Conscientiousness,Masculino,3 a 5 anos,Generation X,Strongly agree,Strongly agree,Strongly agree,Strongly agree,Neutral,Somewhat agree,Strongly agree,Strongly agree,Strongly agree,Somewhat agree,Neutral,Strongly agree,Somewhat agree,Strongly agree,Neutral,Somewhat agree,Strongly agree,Strongly agree,Somewhat agree
Conscientiousness,Masculino,1 a 2 anos,Generation X,Strongly agree,Strongly agree,Strongly agree,Somewhat agree,Somewhat agree,Somewhat agree,Somewhat agree,Somewhat agree,Strongly agree,Somewhat agree,Somewhat agree,Strongly agree,Strongly agree,Somewhat disagree,Somewhat agree,Somewhat agree,Somewhat agree,Neutral,Somewhat agree
Conscientiousness,Masculino,Mais que 10 anos,Generation Z,Somewhat agree,Strongly agree,Strongly agree,Strongly agree,Strongly agree,Strongly agree,Strongly agree,Strongly agree,Strongly agree,Strongly agree,Strongly agree,Neutral,Somewhat agree,Somewhat agree,Strongly agree,Strongly agree,Neutral,Somewhat agree,Strongly agree
Conscientiousness,Feminino,Mais que 10 anos,Generation Z,Somewhat agree,Strongly agree,Somewhat agree,Somewhat agree,Neutral,Somewhat agree,Somewhat agree,Somewhat agree,Somewhat agree,Somewhat agree,Neutral,Neutral,Somewhat agree,Neutral,Strongly agree,Somewhat agree,Somewhat agree,Somewhat agree,Neutral
Conscientiousness,Masculino,3 a 5 anos,Generation X,Somewhat agree,Strongly agree,Neutral,Strongly agree,Strongly agree,Somewhat agree,Neutral,Somewhat agree,Somewhat agree,Strongly agree,Strongly agree,Strongly agree,Somewhat disagree,Strongly agree,Somewhat agree,Strongly agree,Neutral,Strongly agree,Somewhat agree
Conscientiousness,Masculino,6 a 8 anos,Generation Y,Somewhat agree,Strongly agree,Strongly agree,Somewhat agree,Strongly agree,Strongly agree,Somewhat agree,Strongly agree,Somewhat agree,Somewhat agree,Strongly agree,Somewhat agree,Neutral,Somewhat agree,Somewhat agree,Somewhat agree,Somewhat disagree,Neutral,Neutral
Conscientiousness,Masculino,3 a 5 anos,Generation Y,Somewhat agree,Strongly agree,Strongly agree,Strongly agree,Strongly agree,Somewhat agree,Strongly agree,Strongly agree,Strongly agree,Somewhat agree,Somewhat agree,Somewhat agree,Somewhat agree,Somewhat agree,Somewhat agree,Strongly agree,Somewhat agree,Neutral,Somewhat agree
Conscientiousness,Feminino,6 a 8 anos,Generation Y,Strongly agree,Strongly agree,Strongly agree,Strongly agree,Strongly agree,Somewhat agree,Somewhat agree,Strongly agree,Strongly agree,Somewhat agree,Somewhat agree,Strongly agree,Strongly agree,Neutral,Somewhat agree,Strongly agree,Strongly agree,Somewhat agree,Somewhat agree
Conscientiousness,Masculino,9 a 10 anos,Generation Z,Somewhat agree,Strongly agree,Somewhat agree,Strongly agree,Somewhat agree,Strongly agree,Somewhat agree,Somewhat agree,Strongly agree,Somewhat agree,Neutral,Strongly agree,Strongly agree,Somewhat agree,Strongly agree,Neutral,Strongly agree,Neutral,Somewhat agree
Conscientiousness,Masculino,Mais que 10 anos,Generation Y,Somewhat agree,Strongly agree,Somewhat agree,Strongly agree,Somewhat agree,Strongly agree,Neutral,Somewhat agree,Neutral,Somewhat agree,Strongly agree,Neutral,Somewhat agree,Somewhat agree,Somewhat agree,Somewhat agree,Neutral,Somewhat agree,Somewhat agree
Conscientiousness,Masculino,1 a 2 anos,Generation X,Strongly agree,Strongly agree,Somewhat agree,Strongly agree,Somewhat agree,Neutral,Somewhat agree,Somewhat agree,Strongly agree,Neutral,Somewhat agree,Strongly agree,Somewhat agree,Strongly agree,Strongly agree,Neutral,Somewhat disagree,Somewhat agree,Strongly agree
Conscientiousness,Masculino,6 a 8 anos,Generation Y,Somewhat agree,Somewhat agree,Somewhat agree,Strongly agree,Somewhat agree,Neutral,Neutral,Somewhat agree,Somewhat agree,Somewhat agree,Somewhat agree,Strongly agree,Somewhat agree,Somewhat agree,Neutral,Somewhat agree,Neutral,Strongly agree,Somewhat agree
Conscientiousness,Masculino,6 a 8 anos,Generation Y,Somewhat agree,Strongly agree,Neutral,Somewhat agree,Neutral,Somewhat agree,Somewhat agree,Neutral,Neutral,Neutral,Somewhat agree,Neutral,Neutral,Neutral,Neutral,Neutral,Neutral,Neutral,Neutral
Conscientiousness,Masculino,3 a 5 anos,Generation Y,Strongly agree,Strongly agree,Strongly agree,Strongly agree,Strongly agree,Strongly agree,Strongly agree,Strongly agree,Strongly agree,Somewhat agree,Strongly agree,Strongly agree,Strongly agree,Strongly agree,Strongly agree,Strongly agree,Strongly agree,Somewhat agree,Strongly agree
Conscientiousness,Masculino,3 a 5 anos,Generation X,Strongly agree,Strongly agree,Neutral,Strongly agree,Strongly agree,Strongly agree,Somewhat agree,Strongly agree,Strongly agree,Strongly agree,Strongly agree,Strongly agree,Somewhat disagree,Somewhat disagree,Neutral,Somewhat disagree,Strongly agree,Somewhat agree,Somewhat agree
Conscientiousness,Feminino,1 a 2 anos,Generation Y,Somewhat agree,Strongly agree,Strongly agree,Somewhat disagree,Strongly agree,Strongly agree,Strongly agree,Somewhat agree,Somewhat agree,Somewhat agree,Neutral,Strongly agree,Somewhat agree,Strongly agree,Strongly agree,Neutral,Neutral,Neutral,Somewhat disagree
Conscientiousness,Masculino,Mais que 10 anos,Generation Y,Somewhat agree,Strongly agree,Strongly agree,Strongly agree,Somewhat agree,Somewhat agree,Somewhat agree,Strongly agree,Strongly agree,Strongly agree,Strongly agree,Somewhat disagree,Neutral,Neutral,Neutral,Strongly agree,Strongly agree,Somewhat agree,Neutral
Conscientiousness,Masculino,Menos de 1 ano,Generation X,Strongly agree,Somewhat agree,Strongly agree,Somewhat agree,Strongly agree,Somewhat disagree,Neutral,Somewhat agree,Strongly agree,Somewhat agree,Neutral,Strongly agree,Somewhat agree,Strongly agree,Neutral,Strongly agree,Neutral,Strongly agree,Strongly agree
Conscientiousness,Masculino,1 a 2 anos,Generation Y,Strongly agree,Strongly agree,Strongly agree,Strongly agree,Somewhat agree,Strongly agree,Somewhat agree,Somewhat agree,Strongly agree,Somewhat agree,Neutral,Strongly agree,Somewhat agree,Strongly agree,Neutral,Neutral,Neutral,Neutral,Somewhat agree
Conscientiousness,Masculino,6 a 8 anos,Generation Y,Somewhat agree,Strongly agree,Strongly agree,Somewhat agree,Somewhat agree,Somewhat agree,Somewhat agree,Somewhat agree,Somewhat agree,Somewhat agree,Somewhat agree,Neutral,Strongly agree,Neutral,Somewhat agree,Somewhat agree,Somewhat agree,Somewhat agree,Somewhat agree
Conscientiousness,Masculino,6 a 8 anos,Generation Y,Strongly agree,Strongly agree,Strongly agree,Strongly agree,Strongly agree,Strongly agree,Strongly agree,Strongly agree,Strongly agree,Strongly agree,Strongly agree,Strongly agree,Strongly agree,Strongly agree,Strongly agree,Neutral,Strongly agree,Strongly agree,Neutral
Conscientiousness,Masculino,6 a 8 anos,Generation Y,Strongly agree,Strongly agree,Strongly agree,Strongly agree,Neutral,Somewhat agree,Somewhat agree,Somewhat agree,Strongly agree,Somewhat agree,Neutral,Neutral,Strongly agree,Neutral,Neutral,Somewhat agree,Somewhat agree,Strongly agree,Neutral
Conscientiousness,Feminino,6 a 8 anos,Generation Y,Somewhat agree,Strongly agree,Strongly agree,Strongly agree,Somewhat agree,Somewhat agree,Strongly agree,Somewhat agree,Somewhat agree,Somewhat agree,Somewhat agree,Somewhat disagree,Somewhat disagree,Strongly agree,Somewhat disagree,Somewhat agree,Strongly agree,Somewhat agree,Neutral
Conscientiousness,Masculino,Menos de 1 ano,Generation X,Strongly agree,Somewhat agree,Strongly agree,Strongly agree,Strongly agree,Strongly agree,Strongly agree,Strongly agree,Strongly agree,Strongly agree,Strongly agree,Strongly agree,Strongly agree,Strongly agree,Strongly agree,Strongly agree,Neutral,Strongly agree,Strongly agree
Conscientiousness,Masculino,1 a 2 anos,Generation Y,Strongly agree,Strongly agree,Strongly agree,Strongly agree,Strongly agree,Strongly agree,Neutral,Somewhat agree,Neutral,Strongly agree,Neutral,Strongly agree,Neutral,Strongly agree,Somewhat agree,Strongly agree,Strongly agree,Strongly agree,Neutral
Conscientiousness,Masculino,Mais que 10 anos,Generation Z,Strongly agree,Strongly agree,Strongly agree,Strongly agree,Somewhat agree,Somewhat agree,Somewhat agree,Somewhat agree,Strongly agree,Somewhat agree,Somewhat agree,Neutral,Strongly agree,Somewhat agree,Somewhat agree,Somewhat agree,Neutral,Strongly agree,Strongly agree
Conscientiousness,Masculino,3 a 5 anos,Generation Y,Strongly agree,Strongly agree,Somewhat agree,Strongly agree,Somewhat agree,Strongly agree,Somewhat agree,Neutral,Somewhat agree,Somewhat disagree,Somewhat disagree,Somewhat agree,Somewhat agree,Neutral,Somewhat agree,Neutral,Somewhat disagree,Neutral,Somewhat agree
Conscientiousness,Masculino,6 a 8 anos,Generation Y,Strongly agree,Strongly agree,Strongly agree,Strongly agree,Strongly agree,Strongly agree,Strongly agree,Strongly agree,Somewhat agree,Neutral,Somewhat agree,Strongly agree,Strongly agree,Strongly agree,Neutral,Neutral,Neutral,Somewhat disagree,Neutral
Conscientiousness,Feminino,1 a 2 anos,Generation X,Somewhat agree,Strongly agree,Somewhat agree,Strongly agree,Somewhat agree,Somewhat agree,Strongly agree,Strongly agree,Strongly agree,Somewhat disagree,Somewhat disagree,Neutral,Strongly agree,Somewhat agree,Strongly agree,Somewhat agree,Neutral,Neutral,Strongly agree
Conscientiousness,Masculino,Mais que 10 anos,Generation Y,Strongly agree,Somewhat agree,Somewhat agree,Somewhat disagree,Strongly agree,Strongly agree,Neutral,Neutral,Strongly agree,Somewhat agree,Strongly agree,Strongly agree,Neutral,Strongly agree,Neutral,Somewhat agree,Somewhat agree,Strongly agree,Somewhat agree
Conscientiousness,Masculino,3 a 5 anos,Generation Y,Strongly agree,Strongly agree,Strongly agree,Strongly agree,Neutral,Strongly agree,Strongly agree,Strongly agree,Neutral,Somewhat agree,Somewhat agree,Strongly agree,Strongly agree,Neutral,Neutral,Somewhat agree,Neutral,Strongly agree,Neutral
Conscientiousness,Masculino,6 a 8 anos,Generation Y,Somewhat agree,Strongly agree,Strongly agree,Strongly agree,Somewhat agree,Strongly agree,Strongly agree,Strongly agree,Somewhat agree,Somewhat agree,Somewhat agree,Somewhat agree,Somewhat agree,Somewhat agree,Strongly agree,Strongly agree,Neutral,Strongly agree,Somewhat agree
Conscientiousness,Masculino,6 a 8 anos,Generation Y,Somewhat agree,Strongly agree,Strongly agree,Neutral,Strongly agree,Strongly agree,Somewhat agree,Somewhat agree,Somewhat agree,Strongly agree,Somewhat agree,Strongly agree,Somewhat agree,Strongly agree,Somewhat agree,Neutral,Strongly agree,Strongly agree,Somewhat agree
Conscientiousness,Masculino,Mais que 10 anos,Generation Z,Strongly agree,Strongly agree,Strongly agree,Strongly agree,Somewhat agree,Strongly agree,Neutral,Neutral,Strongly agree,Somewhat agree,Somewhat disagree,Strongly agree,Strongly agree,Neutral,Somewhat agree,Somewhat agree,Somewhat agree,Somewhat disagree,Somewhat agree
Conscientiousness,Masculino,1 a 2 anos,Generation Y,Strongly agree,Somewhat agree,Somewhat agree,Somewhat agree,Somewhat agree,Somewhat agree,Neutral,Neutral,Somewhat agree,Somewhat agree,Somewhat disagree,Strongly agree,Neutral,Somewhat agree,Somewhat agree,Neutral,Strongly agree,Neutral,Somewhat agree
Conscientiousness,Masculino,9 a 10 anos,Generation Y,Somewhat agree,Strongly agree,Strongly agree,Strongly agree,Strongly agree,Neutral,Somewhat agree,Strongly agree,Neutral,Strongly agree,Somewhat agree,Strongly agree,Somewhat agree,Somewhat agree,Somewhat agree,Somewhat agree,Strongly agree,Somewhat agree,Neutral
Conscientiousness,Masculino,3 a 5 anos,Generation Y,Somewhat agree,Somewhat agree,Somewhat agree,Somewhat agree,Somewhat agree,Strongly agree,Somewhat agree,Neutral,Strongly agree,Somewhat agree,Somewhat agree,Strongly agree,Neutral,Somewhat agree,Somewhat agree,Somewhat agree,Somewhat agree,Somewhat disagree,Neutral
Conscientiousness,Masculino,Mais que 10 anos,Generation Y,Strongly agree,Somewhat agree,Somewhat agree,Strongly agree,Somewhat disagree,Strongly agree,Somewhat agree,Neutral,Strongly agree,Somewhat disagree,Strongly agree,Strongly agree,Neutral,Strongly agree,Somewhat agree,Somewhat agree,Somewhat agree,Strongly agree,Strongly agree
Conscientiousness,Masculino,3 a 5 anos,Generation X,Strongly agree,Strongly agree,Strongly agree,Strongly agree,Strongly agree,Strongly agree,Strongly agree,Strongly agree,Strongly agree,Strongly agree,Strongly agree,Strongly agree,Somewhat disagree,Strongly agree,Strongly agree,Somewhat agree,Neutral,Neutral,Strongly agree
Conscientiousness,Masculino,Menos de 1 ano,Generation X,Strongly agree,Strongly agree,Strongly agree,Strongly agree,Strongly agree,Neutral,Strongly agree,Strongly agree,Somewhat disagree,Neutral,Somewhat disagree,Strongly agree,Strongly agree,Strongly agree,Somewhat agree,Neutral,Strongly agree,Strongly agree,Somewhat agree
Conscientiousness,Masculino,9 a 10 anos,Generation Y,Strongly agree,Somewhat agree,Somewhat agree,Somewhat agree,Somewhat agree,Neutral,Neutral,Neutral,Neutral,Neutral,Somewhat agree,Somewhat agree,Somewhat agree,Neutral,Neutral,Somewhat agree,Somewhat agree,Neutral,Neutral
Conscientiousness,Feminino,1 a 2 anos,Generation X,Strongly agree,Strongly agree,Strongly agree,Strongly agree,Strongly agree,Somewhat agree,Strongly agree,Somewhat agree,Strongly agree,Somewhat agree,Neutral,Strongly agree,Somewhat agree,Strongly agree,Neutral,Strongly agree,Neutral,Somewhat agree,Strongly agree
Conscientiousness,Feminino,9 a 10 anos,Generation Y,Neutral,Strongly agree,Somewhat agree,Somewhat agree,Somewhat agree,Somewhat agree,Somewhat agree,Somewhat agree,Somewhat agree,Somewhat agree,Neutral,Neutral,Neutral,Neutral,Strongly agree,Somewhat agree,Somewhat agree,Somewhat agree,Strongly agree
Conscientiousness,Masculino,3 a 5 anos,Generation X,Strongly agree,Strongly agree,Strongly agree,Somewhat agree,Strongly agree,Somewhat agree,Strongly agree,Strongly agree,Strongly agree,Strongly agree,Somewhat agree,Neutral,Neutral,Somewhat agree,Strongly agree,Somewhat agree,Somewhat agree,Neutral,Strongly agree
Conscientiousness,Masculino,1 a 2 anos,Generation X,Somewhat agree,Somewhat agree,Somewhat agree,Neutral,Somewhat agree,Somewhat agree,Somewhat agree,Somewhat agree,Somewhat agree,Somewhat agree,Somewhat agree,Somewhat agree,Somewhat agree,Somewhat agree,Somewhat agree,Somewhat agree,Somewhat agree,Somewhat agree,Somewhat agree
Conscientiousness,Prefiro não informar,Mais que 10 anos,Generation Y,Somewhat agree,Strongly agree,Somewhat agree,Somewhat agree,Somewhat agree,Strongly agree,Neutral,Somewhat agree,Somewhat agree,Somewhat agree,Somewhat agree,Somewhat agree,Somewhat agree,Neutral,Somewhat agree,Neutral,Somewhat agree,Somewhat disagree,Somewhat agree
Conscientiousness,Masculino,1 a 2 anos,Generation X,Somewhat agree,Strongly agree,Somewhat agree,Strongly agree,Strongly agree,Somewhat agree,Somewhat agree,Somewhat agree,Strongly disagree,Neutral,Strongly disagree,Strongly agree,Neutral,Strongly agree,Neutral,Somewhat disagree,Somewhat agree,Somewhat agree,Neutral
Conscientiousness,Masculino,1 a 2 anos,Generation X,Somewhat agree,Somewhat agree,Somewhat agree,Somewhat agree,Strongly agree,Neutral,Strongly agree,Strongly agree,Strongly agree,Strongly agree,Somewhat agree,Somewhat agree,Neutral,Strongly agree,Somewhat agree,Neutral,Somewhat agree,Neutral,Somewhat agree
Conscientiousness,Feminino,Mais que 10 anos,Generation Z,Strongly agree,Strongly agree,Strongly agree,Neutral,Neutral,Neutral,Somewhat agree,Neutral,Strongly agree,Strongly agree,Strongly agree,Strongly agree,Somewhat agree,Neutral,Strongly agree,Somewhat agree,Strongly agree,Neutral,Strongly agree
Conscientiousness,Masculino,Mais que 10 anos,Generation Y,Strongly agree,Strongly agree,Strongly agree,Strongly agree,Strongly agree,Strongly agree,Strongly agree,Strongly agree,Strongly agree,Strongly agree,Strongly agree,Strongly agree,Somewhat disagree,Strongly agree,Neutral,Strongly agree,Strongly agree,Strongly agree,Somewhat disagree
Conscientiousness,Masculino,3 a 5 anos,Generation X,Somewhat agree,Strongly agree,Strongly agree,Somewhat agree,Somewhat agree,Strongly agree,Somewhat agree,Neutral,Somewhat agree,Neutral,Strongly agree,Somewhat agree,Neutral,Strongly agree,Neutral,Somewhat agree,Neutral,Somewhat agree,Somewhat disagree
Conscientiousness,Masculino,1 a 2 anos,Generation Y,Strongly agree,Strongly agree,Somewhat agree,Strongly agree,Neutral,Strongly agree,Somewhat agree,Somewhat agree,Somewhat agree,Strongly agree,Somewhat agree,Strongly agree,Neutral,Somewhat agree,Strongly agree,Neutral,Neutral,Neutral,Somewhat agree
Conscientiousness,Masculino,Mais que 10 anos,Generation Y,Somewhat agree,Strongly agree,Somewhat agree,Strongly agree,Strongly agree,Strongly agree,Strongly agree,Somewhat agree,Strongly agree,Somewhat agree,Neutral,Somewhat agree,Somewhat agree,Neutral,Strongly agree,Somewhat agree,Strongly agree,Neutral,Strongly agree
Conscientiousness,Masculino,1 a 2 anos,Generation X,Somewhat agree,Somewhat agree,Strongly agree,Strongly disagree,Strongly agree,Strongly agree,Somewhat agree,Somewhat agree,Somewhat agree,Somewhat agree,Somewhat agree,Somewhat agree,Strongly agree,Somewhat agree,Strongly disagree,Neutral,Neutral,Strongly agree,Somewhat disagree
Conscientiousness,Masculino,9 a 10 anos,Generation Y,Somewhat agree,Strongly agree,Strongly agree,Neutral,Somewhat agree,Strongly agree,Somewhat agree,Neutral,Neutral,Somewhat agree,Somewhat agree,Neutral,Strongly agree,Somewhat agree,Neutral,Somewhat agree,Strongly agree,Strongly agree,Neutral
Conscientiousness,Feminino,6 a 8 anos,Generation Y,Somewhat agree,Strongly agree,Strongly agree,Strongly agree,Somewhat agree,Neutral,Somewhat agree,Somewhat agree,Strongly agree,Strongly agree,Somewhat agree,Somewhat agree,Strongly agree,Neutral,Somewhat agree,Somewhat agree,Somewhat agree,Somewhat disagree,Somewhat agree
Conscientiousness,Feminino,Mais que 10 anos,Generation Z,Somewhat agree,Strongly agree,Strongly agree,Strongly agree,Somewhat agree,Somewhat agree,Strongly agree,Strongly agree,Somewhat agree,Somewhat agree,Somewhat agree,Somewhat agree,Strongly agree,Neutral,Somewhat agree,Somewhat agree,Strongly agree,Somewhat agree,Neutral
Conscientiousness,Feminino,6 a 8 anos,Generation Y,Strongly agree,Strongly agree,Strongly agree,Strongly agree,Somewhat agree,Somewhat agree,Strongly agree,Strongly agree,Strongly agree,Somewhat agree,Somewhat agree,Somewhat agree,Somewhat agree,Somewhat agree,Strongly agree,Somewhat disagree,Somewhat agree,Somewhat agree,Somewhat agree
Conscientiousness,Masculino,9 a 10 anos,Generation Z,Somewhat agree,Strongly agree,Strongly agree,Strongly agree,Somewhat agree,Strongly agree,Strongly agree,Strongly agree,Strongly agree,Somewhat agree,Strongly agree,Somewhat agree,Strongly agree,Somewhat agree,Neutral,Strongly agree,Somewhat agree,Somewhat agree,Strongly agree
Conscientiousness,Masculino,Mais que 10 anos,Generation Z,Strongly agree,Somewhat agree,Strongly agree,Somewhat agree,Strongly agree,Somewhat agree,Neutral,Strongly agree,Neutral,Neutral,Neutral,Strongly agree,Somewhat agree,Strongly agree,Somewhat agree,Neutral,Somewhat agree,Strongly agree,Neutral
Conscientiousness,Masculino,Mais que 10 anos,Baby Boomers,Somewhat agree,Somewhat agree,Somewhat agree,Somewhat agree,Neutral,Neutral,Strongly agree,Neutral,Neutral,Neutral,Neutral,Strongly agree,Somewhat agree,Neutral,Neutral,Neutral,Somewhat agree,Somewhat agree,Neutral
Conscientiousness,Feminino,6 a 8 anos,Generation Y,Somewhat agree,Strongly agree,Strongly agree,Somewhat agree,Neutral,Strongly agree,Somewhat agree,Somewhat agree,Somewhat agree,Neutral,Somewhat agree,Somewhat disagree,Somewhat agree,Somewhat disagree,Somewhat agree,Somewhat agree,Neutral,Neutral,Somewhat agree
Conscientiousness,Masculino,Mais que 10 anos,Generation Y,Somewhat agree,Strongly agree,Strongly agree,Strongly agree,Somewhat agree,Strongly agree,Strongly agree,Strongly agree,Strongly agree,Strongly agree,Strongly agree,Somewhat agree,Somewhat agree,Neutral,Strongly agree,Strongly agree,Strongly agree,Somewhat disagree,Somewhat agree
Conscientiousness,Masculino,1 a 2 anos,Generation Y,Strongly agree,Strongly agree,Somewhat agree,Neutral,Strongly agree,Somewhat agree,Strongly agree,Somewhat disagree,Somewhat agree,Somewhat agree,Somewhat agree,Strongly agree,Somewhat agree,Strongly agree,Strongly disagree,Strongly agree,Strongly agree,Strongly disagree,Strongly disagree
Conscientiousness,Masculino,Mais que 10 anos,Generation Y,Strongly agree,Somewhat agree,Somewhat agree,Strongly agree,Strongly agree,Somewhat agree,Somewhat agree,Strongly agree,Neutral,Strongly agree,Somewhat agree,Strongly agree,Somewhat agree,Somewhat agree,Somewhat agree,Somewhat agree,Somewhat agree,Somewhat agree,Somewhat disagree
Conscientiousness,Masculino,3 a 5 anos,Generation Y,Strongly agree,Neutral,Strongly disagree,Strongly disagree,Strongly agree,Strongly disagree,Strongly disagree,Strongly agree,Strongly disagree,Somewhat agree,Strongly agree,Strongly agree,Neutral,Strongly agree,Strongly disagree,Neutral,Strongly disagree,Strongly agree,Somewhat disagree
Conscientiousness,Masculino,3 a 5 anos,Generation Z,Somewhat agree,Strongly agree,Somewhat agree,Strongly agree,Strongly agree,Strongly agree,Somewhat agree,Somewhat agree,Somewhat agree,Somewhat agree,Strongly agree,Somewhat agree,Somewhat agree,Somewhat agree,Neutral,Somewhat agree,Somewhat agree,Somewhat agree,Somewhat agree
Conscientiousness,Masculino,Menos de 1 ano,Generation Y,Somewhat agree,Somewhat agree,Somewhat agree,Somewhat agree,Somewhat agree,Somewhat agree,Somewhat agree,Neutral,Somewhat agree,Somewhat disagree,Neutral,Somewhat agree,Neutral,Somewhat agree,Neutral,Somewhat agree,Somewhat disagree,Somewhat disagree,Somewhat agree
Conscientiousness,Masculino,Mais que 10 anos,Generation Y,Strongly agree,Strongly agree,Strongly agree,Strongly agree,Somewhat agree,Strongly agree,Strongly agree,Strongly agree,Strongly agree,Somewhat agree,Strongly agree,Neutral,Somewhat agree,Neutral,Strongly agree,Somewhat disagree,Strongly agree,Neutral,Strongly agree
Conscientiousness,Masculino,9 a 10 anos,Generation Y,Strongly agree,Strongly agree,Strongly agree,Somewhat agree,Strongly agree,Somewhat agree,Somewhat agree,Somewhat agree,Somewhat agree,Somewhat agree,Neutral,Neutral,Somewhat agree,Strongly agree,Somewhat agree,Neutral,Somewhat agree,Strongly agree,Neutral
Conscientiousness,Feminino,6 a 8 anos,Generation Y,Strongly agree,Strongly agree,Strongly agree,Somewhat agree,Strongly agree,Somewhat disagree,Somewhat agree,Somewhat agree,Strongly agree,Strongly disagree,Somewhat agree,Strongly agree,Somewhat disagree,Strongly agree,Somewhat agree,Somewhat disagree,Somewhat agree,Strongly agree,Strongly agree
Conscientiousness,Masculino,1 a 2 anos,Generation X,Somewhat agree,Strongly agree,Somewhat agree,Somewhat agree,Neutral,Somewhat agree,Somewhat agree,Strongly agree,Neutral,Somewhat agree,Somewhat agree,Somewhat disagree,Neutral,Somewhat agree,Strongly agree,Neutral,Neutral,Somewhat agree,Strongly agree
Conscientiousness,Masculino,3 a 5 anos,Generation Y,Strongly agree,Strongly agree,Somewhat agree,Strongly agree,Neutral,Somewhat agree,Somewhat agree,Somewhat agree,Strongly agree,Strongly agree,Strongly agree,Neutral,Somewhat agree,Neutral,Strongly agree,Strongly agree,Strongly agree,Strongly agree,Strongly agree
Conscientiousness,Masculino,6 a 8 anos,Generation Y,Strongly agree,Strongly agree,Strongly agree,Strongly agree,Somewhat agree,Strongly agree,Somewhat agree,Strongly agree,Somewhat agree,Somewhat agree,Strongly agree,Neutral,Somewhat agree,Somewhat disagree,Strongly agree,Strongly agree,Somewhat agree,Strongly agree,Somewhat agree
Conscientiousness,Feminino,3 a 5 anos,Generation Y,Strongly agree,Strongly agree,Strongly agree,Strongly agree,Strongly agree,Strongly agree,Strongly agree,Strongly agree,Strongly agree,Strongly agree,Strongly agree,Strongly disagree,Strongly agree,Strongly agree,Strongly agree,Strongly agree,Strongly agree,Strongly agree,Strongly agree
Conscientiousness,Masculino,1 a 2 anos,Generation Y,Strongly agree,Strongly agree,Neutral,Neutral,Neutral,Neutral,Somewhat agree,Somewhat agree,Somewhat agree,Neutral,Somewhat agree,Somewhat disagree,Neutral,Strongly agree,Strongly agree,Neutral,Strongly agree,Neutral,Strongly agree
Conscientiousness,Masculino,9 a 10 anos,Generation Y,Somewhat agree,Strongly agree,Neutral,Somewhat agree,Strongly agree,Strongly agree,Neutral,Strongly agree,Neutral,Neutral,Somewhat agree,Somewhat agree,Somewhat agree,Somewhat agree,Somewhat agree,Somewhat agree,Somewhat disagree,Somewhat agree,Somewhat disagree
Conscientiousness,Feminino,3 a 5 anos,Generation Y,Neutral,Strongly agree,Somewhat agree,Somewhat agree,Somewhat disagree,Strongly agree,Strongly agree,Neutral,Strongly agree,Somewhat agree,Strongly agree,Somewhat disagree,Neutral,Strongly disagree,Neutral,Strongly agree,Neutral,Neutral,Neutral
Conscientiousness,Feminino,Mais que 10 anos,Generation Y,Somewhat agree,Strongly agree,Somewhat agree,Strongly agree,Somewhat agree,Strongly agree,Somewhat agree,Somewhat agree,Neutral,Somewhat agree,Neutral,Somewhat agree,Strongly agree,Somewhat agree,Neutral,Somewhat agree,Somewhat agree,Neutral,Neutral
Conscientiousness,Masculino,Mais que 10 anos,Generation Y,Strongly agree,Strongly agree,Somewhat agree,Somewhat agree,Somewhat agree,Somewhat agree,Strongly agree,Somewhat agree,Strongly agree,Somewhat agree,Neutral,Neutral,Strongly agree,Somewhat agree,Strongly agree,Strongly agree,Strongly agree,Strongly agree,Somewhat agree
Conscientiousness,Masculino,Mais que 10 anos,Generation Y,Somewhat agree,Strongly agree,Somewhat agree,Somewhat agree,Somewhat agree,Somewhat agree,Strongly agree,Somewhat agree,Somewhat agree,Neutral,Neutral,Strongly disagree,Somewhat disagree,Strongly disagree,Neutral,Strongly agree,Somewhat disagree,Somewhat agree,Strongly agree
Conscientiousness,Masculino,9 a 10 anos,Generation Y,Strongly agree,Strongly agree,Neutral,Somewhat agree,Neutral,Neutral,Neutral,Somewhat agree,Neutral,Neutral,Neutral,Neutral,Somewhat agree,Neutral,Somewhat disagree,Neutral,Neutral,Neutral,Neutral
Conscientiousness,Masculino,Mais que 10 anos,Generation Y,Strongly agree,Somewhat agree,Neutral,Somewhat disagree,Neutral,Somewhat disagree,Somewhat disagree,Somewhat agree,Somewhat agree,Somewhat agree,Neutral,Neutral,Somewhat disagree,Somewhat agree,Somewhat agree,Neutral,Somewhat disagree,Strongly agree,Neutral
Conscientiousness,Masculino,Mais que 10 anos,Generation Y,Strongly agree,Strongly agree,Somewhat agree,Strongly agree,Strongly agree,Strongly agree,Somewhat agree,Strongly agree,Strongly agree,Strongly agree,Strongly agree,Neutral,Somewhat agree,Strongly agree,Somewhat agree,Strongly agree,Neutral,Neutral,Neutral
Conscientiousness,Masculino,Mais que 10 anos,Generation Y,Somewhat agree,Strongly agree,Strongly agree,Neutral,Somewhat agree,Somewhat agree,Somewhat agree,Strongly agree,Strongly agree,Neutral,Somewhat agree,Neutral,Strongly agree,Neutral,Strongly agree,Somewhat agree,Neutral,Somewhat disagree,Somewhat agree
Conscientiousness,Feminino,3 a 5 anos,Generation X,Somewhat agree,Strongly agree,Strongly agree,Somewhat agree,Strongly agree,Strongly agree,Neutral,Strongly agree,Strongly agree,Somewhat agree,Somewhat agree,Somewhat agree,Somewhat agree,Strongly agree,Somewhat disagree,Strongly agree,Neutral,Somewhat agree,Strongly disagree