Personality,Experience,A higher salary proposal,A toxic management,Lack of professional recognition,Desire to live new professional experiences,Not having a good relationship with co-workers,Unmet job expectations,Lack of a career plan,Lack of internal communication in the company,Lack of technical challenges,An inadequate working environment/physical infrastructure,A repetitive work,Lack of flexibility and autonomy on deciding preferred working time,A job offer in another country,Lack of autonomy to make decisions at work,Working overtime frequently,The use of obsolete technologies,A job offer from a company large and known tech company,High demand in the industry for software engineers,Working with short lead deadlines
Kindness,Mais que 10 anos,Strongly agree,Strongly disagree,Neutral,Strongly agree,Strongly disagree,Neutral,Neutral,Strongly disagree,Strongly disagree,Strongly disagree,Somewhat agree,Strongly disagree,Strongly agree,Strongly disagree,Strongly disagree,Strongly disagree,Strongly agree,Strongly disagree,Somewhat agree
Kindness,Mais que 10 anos,Somewhat agree,Strongly agree,Strongly agree,Neutral,Strongly agree,Somewhat agree,Somewhat agree,Somewhat agree,Somewhat agree,Somewhat agree,Somewhat agree,Strongly agree,Somewhat disagree,Strongly agree,Somewhat agree,Neutral,Somewhat agree,Somewhat agree,Neutral
Kindness,3 a 5 anos,Strongly agree,Strongly agree,Strongly agree,Strongly agree,Strongly agree,Neutral,Strongly agree,Somewhat agree,Somewhat agree,Neutral,Neutral,Strongly agree,Strongly agree,Somewhat disagree,Neutral,Somewhat agree,Neutral,Somewhat disagree,Neutral
Kindness,Mais que 10 anos,Strongly agree,Strongly agree,Strongly agree,Strongly agree,Strongly agree,Strongly agree,Strongly agree,Strongly agree,Strongly agree,Strongly agree,Strongly agree,Strongly agree,Strongly agree,Strongly agree,Strongly agree,Strongly agree,Strongly agree,Strongly agree,Strongly agree
Kindness,1 a 2 anos,Somewhat agree,Strongly agree,Strongly agree,Somewhat agree,Strongly agree,Strongly agree,Strongly agree,Strongly agree,Strongly agree,Strongly agree,Somewhat agree,Strongly agree,Somewhat agree,Somewhat agree,Strongly agree,Strongly agree,Somewhat disagree,Strongly agree,Neutral
Kindness,Mais que 10 anos,Strongly agree,Strongly agree,Strongly agree,Strongly agree,Neutral,Strongly agree,Strongly agree,Somewhat agree,Strongly agree,Somewhat agree,Strongly agree,Somewhat agree,Neutral,Neutral,Neutral,Strongly agree,Neutral,Neutral,Strongly agree
Kindness,Mais que 10 anos,Somewhat agree,Strongly agree,Somewhat agree,Somewhat agree,Strongly agree,Somewhat agree,Neutral,Strongly agree,Somewhat agree,Somewhat agree,Somewhat agree,Somewhat agree,Somewhat agree,Somewhat agree,Strongly agree,Strongly agree,Neutral,Neutral,Strongly agree
Kindness,Mais que 10 anos,Strongly agree,Strongly disagree,Strongly agree,Strongly agree,Somewhat disagree,Somewhat agree,Neutral,Somewhat agree,Strongly agree,Somewhat disagree,Somewhat disagree,Strongly agree,Strongly agree,Somewhat agree,Neutral,Somewhat agree,Strongly agree,Neutral,Neutral
Kindness,Mais que 10 anos,Strongly agree,Strongly agree,Neutral,Strongly agree,Somewhat agree,Neutral,Neutral,Neutral,Strongly agree,Somewhat agree,Somewhat agree,Somewhat disagree,Strongly agree,Neutral,Neutral,Somewhat agree,Somewhat agree,Strongly agree,Neutral
Kindness,3 a 5 anos,Strongly agree,Strongly agree,Strongly agree,Neutral,Somewhat agree,Strongly agree,Strongly agree,Strongly agree,Somewhat agree,Somewhat agree,Neutral,Strongly agree,Strongly agree,Somewhat agree,Neutral,Strongly agree,Strongly agree,Strongly agree,Somewhat agree
Kindness,1 a 2 anos,Strongly agree,Strongly agree,Strongly agree,Somewhat agree,Somewhat agree,Somewhat agree,Somewhat agree,Somewhat agree,Somewhat agree,Strongly agree,Somewhat agree,Strongly agree,Strongly agree,Somewhat agree,Somewhat agree,Somewhat agree,Somewhat disagree,Neutral,Somewhat agree
Kindness,3 a 5 anos,Strongly agree,Strongly agree,Somewhat agree,Strongly agree,Strongly agree,Strongly agree,Strongly agree,Somewhat agree,Strongly agree,Strongly agree,Somewhat agree,Strongly agree,Strongly agree,Neutral,Somewhat agree,Strongly agree,Strongly agree,Strongly disagree,Strongly agree
Kindness,3 a 5 anos,Strongly agree,Strongly agree,Somewhat agree,Somewhat agree,Somewhat agree,Strongly agree,Strongly agree,Somewhat agree,Strongly agree,Strongly agree,Somewhat agree,Somewhat agree,Somewhat agree,Somewhat agree,Neutral,Neutral,Somewhat agree,Strongly agree,Neutral
Kindness,6 a 8 anos,Strongly agree,Strongly agree,Strongly agree,Strongly agree,Strongly agree,Strongly agree,Somewhat agree,Somewhat agree,Somewhat agree,Neutral,Strongly agree,Neutral,Strongly agree,Somewhat agree,Somewhat agree,Neutral,Somewhat agree,Somewhat agree,Strongly agree
Kindness,3 a 5 anos,Strongly agree,Strongly agree,Somewhat agree,Somewhat agree,Strongly agree,Somewhat agree,Somewhat agree,Somewhat agree,Somewhat agree,Neutral,Somewhat agree,Neutral,Strongly agree,Neutral,Neutral,Somewhat disagree,Somewhat disagree,Neutral,Neutral
Kindness,9 a 10 anos,Strongly agree,Strongly agree,Somewhat agree,Strongly agree,Strongly agree,Strongly agree,Strongly agree,Somewhat agree,Somewhat agree,Strongly agree,Neutral,Somewhat disagree,Strongly agree,Somewhat agree,Somewhat agree,Strongly agree,Strongly agree,Strongly agree,Somewhat agree
Kindness,6 a 8 anos,Somewhat agree,Somewhat agree,Somewhat agree,Somewhat agree,Neutral,Somewhat agree,Strongly agree,Neutral,Somewhat agree,Somewhat agree,Somewhat agree,Somewhat agree,Strongly agree,Somewhat agree,Neutral,Neutral,Somewhat agree,Strongly agree,Somewhat agree
Kindness,Mais que 10 anos,Strongly agree,Strongly agree,Neutral,Strongly agree,Strongly agree,Somewhat agree,Neutral,Somewhat agree,Neutral,Somewhat agree,Strongly agree,Somewhat disagree,Strongly agree,Neutral,Somewhat agree,Somewhat agree,Somewhat agree,Neutral,Somewhat agree
Kindness,6 a 8 anos,Somewhat agree,Strongly agree,Neutral,Neutral,Somewhat agree,Neutral,Somewhat agree,Somewhat agree,Neutral,Neutral,Somewhat agree,Neutral,Neutral,Neutral,Neutral,Neutral,Neutral,Neutral,Neutral
Kindness,3 a 5 anos,Somewhat agree,Strongly agree,Strongly agree,Strongly agree,Strongly agree,Somewhat agree,Somewhat agree,Somewhat agree,Neutral,Somewhat agree,Neutral,Somewhat agree,Somewhat disagree,Strongly agree,Neutral,Somewhat agree,Strongly agree,Neutral,Neutral
Kindness,3 a 5 anos,Strongly agree,Strongly agree,Strongly agree,Somewhat agree,Strongly agree,Strongly agree,Strongly agree,Somewhat agree,Somewhat agree,Somewhat agree,Strongly agree,Somewhat agree,Strongly agree,Somewhat agree,Somewhat agree,Strongly agree,Strongly agree,Strongly agree,Somewhat agree
Kindness,3 a 5 anos,Strongly agree,Strongly agree,Strongly agree,Strongly agree,Strongly agree,Strongly agree,Strongly agree,Strongly agree,Somewhat agree,Strongly agree,Strongly agree,Strongly agree,Strongly agree,Strongly agree,Strongly agree,Strongly agree,Strongly agree,Somewhat agree,Strongly agree
Kindness,Mais que 10 anos,Strongly agree,Strongly agree,Somewhat agree,Somewhat agree,Somewhat agree,Somewhat agree,Strongly agree,Somewhat agree,Strongly agree,Somewhat agree,Somewhat agree,Somewhat agree,Somewhat agree,Somewhat agree,Somewhat agree,Strongly agree,Neutral,Neutral,Strongly agree
Kindness,9 a 10 anos,Strongly agree,Strongly agree,Strongly agree,Strongly agree,Strongly agree,Strongly agree,Strongly agree,Strongly agree,Neutral,Strongly agree,Strongly agree,Neutral,Somewhat agree,Strongly agree,Strongly agree,Neutral,Somewhat disagree,Strongly agree,Strongly agree
Kindness,Mais que 10 anos,Somewhat agree,Strongly agree,Strongly agree,Somewhat agree,Somewhat agree,Strongly agree,Strongly agree,Somewhat agree,Strongly agree,Neutral,Strongly agree,Strongly agree,Somewhat disagree,Strongly agree,Neutral,Strongly agree,Neutral,Somewhat agree,Neutral
Kindness,Menos de 1 ano,Strongly agree,Somewhat agree,Strongly agree,Strongly agree,Somewhat disagree,Somewhat agree,Somewhat agree,Neutral,Somewhat agree,Somewhat agree,Neutral,Strongly agree,Strongly agree,Strongly agree,Neutral,Neutral,Strongly agree,Strongly agree,Strongly agree
Kindness,3 a 5 anos,Somewhat agree,Somewhat agree,Somewhat agree,Somewhat agree,Neutral,Somewhat agree,Neutral,Somewhat agree,Somewhat agree,Neutral,Neutral,Neutral,Somewhat agree,Neutral,Somewhat agree,Somewhat agree,Somewhat agree,Somewhat agree,Neutral
Kindness,1 a 2 anos,Strongly agree,Strongly agree,Strongly agree,Somewhat agree,Strongly agree,Somewhat agree,Strongly agree,Somewhat agree,Somewhat agree,Somewhat agree,Neutral,Strongly agree,Strongly agree,Neutral,Neutral,Neutral,Strongly agree,Neutral,Somewhat agree
Kindness,6 a 8 anos,Somewhat agree,Strongly agree,Strongly agree,Somewhat agree,Somewhat agree,Somewhat agree,Somewhat agree,Somewhat agree,Somewhat agree,Strongly agree,Somewhat agree,Somewhat agree,Neutral,Somewhat agree,Somewhat agree,Somewhat agree,Neutral,Somewhat agree,Somewhat agree
Kindness,Mais que 10 anos,Somewhat agree,Somewhat agree,Somewhat agree,Somewhat agree,Strongly agree,Strongly agree,Strongly agree,Neutral,Somewhat agree,Somewhat agree,Strongly agree,Neutral,Somewhat agree,Somewhat agree,Somewhat disagree,Somewhat disagree,Somewhat agree,Strongly agree,Somewhat disagree
Kindness,6 a 8 anos,Strongly agree,Strongly agree,Strongly agree,Strongly agree,Strongly agree,Strongly agree,Strongly agree,Strongly agree,Strongly agree,Strongly agree,Strongly agree,Strongly agree,Strongly agree,Neutral,Strongly agree,Strongly agree,Strongly agree,Strongly agree,Neutral
Kindness,6 a 8 anos,Strongly agree,Strongly agree,Strongly agree,Strongly agree,Neutral,Strongly agree,Strongly agree,Strongly agree,Strongly agree,Strongly agree,Strongly agree,Strongly agree,Strongly agree,Strongly disagree,Strongly agree,Strongly agree,Somewhat disagree,Strongly disagree,Neutral
Kindness,6 a 8 anos,Somewhat agree,Strongly agree,Somewhat agree,Strongly agree,Neutral,Strongly agree,Strongly agree,Neutral,Somewhat agree,Neutral,Somewhat agree,Neutral,Neutral,Neutral,Somewhat agree,Somewhat agree,Strongly agree,Neutral,Neutral
Kindness,1 a 2 anos,Strongly agree,Strongly agree,Strongly agree,Strongly agree,Strongly agree,Somewhat agree,Strongly agree,Neutral,Strongly agree,Neutral,Neutral,Neutral,Strongly agree,Strongly agree,Somewhat agree,Strongly agree,Strongly agree,Strongly agree,Neutral
Kindness,Mais que 10 anos,Strongly agree,Strongly agree,Strongly agree,Strongly agree,Strongly agree,Strongly agree,Strongly agree,Strongly agree,Strongly agree,Strongly agree,Somewhat disagree,Strongly agree,Strongly agree,Strongly agree,Somewhat disagree,Strongly agree,Strongly agree,Strongly agree,Strongly agree
Kindness,3 a 5 anos,Strongly agree,Strongly agree,Somewhat agree,Somewhat agree,Strongly agree,Neutral,Neutral,Neutral,Somewhat disagree,Somewhat agree,Neutral,Somewhat agree,Strongly agree,Neutral,Somewhat agree,Neutral,Strongly agree,Neutral,Somewhat agree
Kindness,1 a 2 anos,Somewhat agree,Strongly agree,Strongly agree,Strongly agree,Strongly agree,Strongly disagree,Strongly agree,Strongly disagree,Somewhat agree,Strongly disagree,Strongly disagree,Somewhat agree,Strongly disagree,Strongly agree,Strongly disagree,Neutral,Strongly agree,Strongly disagree,Strongly disagree
Kindness,Mais que 10 anos,Strongly agree,Strongly agree,Strongly agree,Strongly agree,Strongly agree,Somewhat agree,Somewhat agree,Neutral,Neutral,Somewhat disagree,Somewhat agree,Somewhat agree,Strongly agree,Neutral,Neutral,Somewhat agree,Neutral,Strongly agree,Neutral
Kindness,3 a 5 anos,Somewhat agree,Strongly agree,Strongly agree,Somewhat agree,Strongly agree,Somewhat agree,Somewhat agree,Somewhat agree,Somewhat agree,Somewhat agree,Strongly agree,Somewhat agree,Somewhat agree,Somewhat agree,Somewhat agree,Somewhat agree,Neutral,Somewhat agree,Somewhat agree
Kindness,3 a 5 anos,Somewhat agree,Strongly agree,Somewhat agree,Neutral,Strongly agree,Neutral,Strongly disagree,Neutral,Neutral,Somewhat agree,Somewhat disagree,Somewhat agree,Strongly agree,Somewhat agree,Neutral,Somewhat agree,Somewhat agree,Somewhat disagree,Neutral
Kindness,3 a 5 anos,Strongly agree,Strongly agree,Strongly agree,Neutral,Strongly agree,Strongly agree,Strongly agree,Strongly agree,Somewhat agree,Strongly agree,Somewhat agree,Neutral,Strongly agree,Somewhat agree,Neutral,Neutral,Neutral,Strongly agree,Neutral
Kindness,1 a 2 anos,Strongly agree,Strongly agree,Somewhat agree,Neutral,Somewhat agree,Somewhat agree,Somewhat agree,Somewhat agree,Neutral,Neutral,Somewhat agree,Somewhat agree,Somewhat agree,Somewhat disagree,Somewhat agree,Somewhat agree,Somewhat agree,Somewhat disagree,Somewhat agree
Kindness,Mais que 10 anos,Somewhat agree,Strongly agree,Somewhat agree,Strongly agree,Strongly agree,Neutral,Neutral,Neutral,Somewhat agree,Somewhat agree,Strongly agree,Strongly agree,Neutral,Somewhat agree,Strongly agree,Somewhat agree,Somewhat agree,Somewhat agree,Strongly agree
Kindness,Mais que 10 anos,Strongly agree,Strongly agree,Strongly agree,Strongly agree,Strongly agree,Strongly agree,Somewhat agree,Strongly agree,Strongly agree,Strongly agree,Strongly agree,Somewhat agree,Strongly agree,Somewhat agree,Strongly agree,Strongly agree,Strongly agree,Somewhat agree,Strongly agree
Kindness,1 a 2 anos,Strongly agree,Somewhat agree,Somewhat agree,Somewhat agree,Somewhat agree,Neutral,Somewhat agree,Neutral,Somewhat agree,Neutral,Somewhat disagree,Somewhat agree,Strongly agree,Neutral,Somewhat agree,Strongly agree,Somewhat agree,Neutral,Somewhat agree
Kindness,Mais que 10 anos,Strongly agree,Strongly agree,Strongly agree,Strongly agree,Strongly agree,Strongly agree,Strongly agree,Somewhat agree,Strongly agree,Neutral,Strongly agree,Somewhat agree,Strongly agree,Somewhat agree,Strongly agree,Somewhat agree,Somewhat agree,Strongly agree,Somewhat agree
Kindness,9 a 10 anos,Somewhat agree,Strongly agree,Strongly agree,Strongly agree,Neutral,Strongly agree,Strongly agree,Somewhat agree,Strongly agree,Somewhat agree,Somewhat agree,Neutral,Strongly agree,Somewhat agree,Somewhat agree,Strongly agree,Somewhat agree,Somewhat agree,Neutral
Kindness,Mais que 10 anos,Somewhat agree,Strongly agree,Somewhat agree,Somewhat agree,Somewhat agree,Neutral,Somewhat agree,Somewhat disagree,Strongly agree,Neutral,Somewhat disagree,Somewhat agree,Neutral,Neutral,Somewhat disagree,Neutral,Neutral,Somewhat disagree,Somewhat disagree
Kindness,Menos de 1 ano,Strongly agree,Strongly agree,Strongly agree,Strongly agree,Neutral,Strongly agree,Strongly agree,Strongly agree,Neutral,Strongly agree,Somewhat disagree,Somewhat disagree,Strongly agree,Neutral,Somewhat agree,Strongly agree,Strongly agree,Strongly agree,Somewhat agree
Kindness,3 a 5 anos,Neutral,Strongly agree,Strongly agree,Somewhat disagree,Strongly agree,Strongly agree,Strongly agree,Strongly agree,Strongly agree,Strongly agree,Somewhat agree,Strongly agree,Neutral,Strongly agree,Strongly agree,Strongly agree,Neutral,Strongly agree,Strongly agree
Kindness,9 a 10 anos,Strongly agree,Somewhat agree,Somewhat agree,Somewhat agree,Neutral,Neutral,Somewhat agree,Neutral,Neutral,Somewhat agree,Somewhat agree,Neutral,Somewhat agree,Somewhat agree,Neutral,Somewhat agree,Neutral,Neutral,Neutral
Kindness,1 a 2 anos,Strongly agree,Strongly agree,Strongly agree,Strongly agree,Somewhat agree,Somewhat agree,Strongly agree,Strongly agree,Somewhat agree,Somewhat agree,Neutral,Strongly agree,Strongly agree,Strongly agree,Neutral,Neutral,Strongly agree,Somewhat agree,Strongly agree
Kindness,6 a 8 anos,Somewhat agree,Strongly agree,Neutral,Somewhat agree,Neutral,Somewhat agree,Neutral,Neutral,Strongly agree,Neutral,Somewhat agree,Somewhat agree,Strongly agree,Neutral,Neutral,Strongly agree,Somewhat disagree,Somewhat agree,Somewhat agree
Kindness,3 a 5 anos,Strongly agree,Strongly agree,Strongly agree,Strongly agree,Strongly agree,Neutral,Strongly agree,Somewhat agree,Strongly agree,Strongly agree,Strongly agree,Strongly agree,Strongly agree,Strongly agree,Neutral,Strongly agree,Strongly agree,Strongly agree,Neutral
Kindness,Mais que 10 anos,Strongly agree,Strongly agree,Somewhat agree,Somewhat agree,Neutral,Strongly agree,Neutral,Neutral,Somewhat agree,Strongly agree,Strongly agree,Strongly agree,Strongly agree,Somewhat agree,Somewhat agree,Strongly agree,Neutral,Strongly agree,Somewhat agree
Kindness,1 a 2 anos,Strongly agree,Strongly agree,Strongly agree,Strongly agree,Somewhat agree,Neutral,Strongly agree,Neutral,Strongly agree,Strongly agree,Strongly agree,Strongly agree,Strongly agree,Strongly agree,Neutral,Neutral,Strongly agree,Strongly agree,Neutral
Kindness,Mais que 10 anos,Strongly agree,Strongly agree,Strongly agree,Neutral,Neutral,Neutral,Neutral,Somewhat agree,Strongly agree,Somewhat agree,Strongly agree,Strongly agree,Strongly agree,Somewhat agree,Strongly agree,Strongly agree,Neutral,Neutral,Strongly agree
Kindness,Menos de 1 ano,Somewhat agree,Strongly agree,Strongly agree,Somewhat agree,Somewhat agree,Somewhat agree,Strongly agree,Strongly agree,Somewhat agree,Strongly agree,Neutral,Strongly agree,Strongly agree,Somewhat agree,Somewhat agree,Strongly agree,Somewhat agree,Neutral,Neutral
Kindness,3 a 5 anos,Somewhat agree,Strongly agree,Strongly agree,Somewhat agree,Strongly agree,Neutral,Somewhat agree,Somewhat agree,Neutral,Neutral,Strongly agree,Somewhat agree,Somewhat agree,Somewhat agree,Neutral,Neutral,Strongly agree,Somewhat agree,Somewhat disagree
Kindness,9 a 10 anos,Strongly agree,Strongly agree,Somewhat disagree,Strongly agree,Somewhat agree,Somewhat agree,Strongly agree,Somewhat disagree,Somewhat agree,Somewhat agree,Somewhat agree,Strongly disagree,Strongly agree,Somewhat disagree,Strongly agree,Neutral,Strongly agree,Strongly agree,Neutral
Kindness,1 a 2 anos,Strongly agree,Strongly agree,Somewhat agree,Neutral,Strongly agree,Somewhat agree,Strongly agree,Somewhat agree,Strongly agree,Neutral,Somewhat agree,Somewhat agree,Strongly agree,Neutral,Strongly agree,Neutral,Somewhat agree,Neutral,Somewhat agree
Kindness,Mais que 10 anos,Somewhat agree,Strongly agree,Somewhat agree,Strongly agree,Strongly agree,Somewhat agree,Strongly agree,Strongly agree,Somewhat agree,Somewhat agree,Neutral,Strongly agree,Somewhat agree,Somewhat agree,Strongly agree,Strongly agree,Neutral,Neutral,Strongly agree
Kindness,Mais que 10 anos,Strongly agree,Strongly agree,Strongly agree,Strongly agree,Strongly agree,Somewhat agree,Somewhat agree,Strongly agree,Somewhat agree,Somewhat agree,Somewhat agree,Somewhat agree,Strongly agree,Somewhat agree,Strongly agree,Somewhat agree,Somewhat agree,Somewhat agree,Somewhat agree
Kindness,Mais que 10 anos,Somewhat agree,Strongly agree,Strongly agree,Somewhat agree,Somewhat agree,Strongly agree,Strongly agree,Strongly agree,Somewhat agree,Strongly agree,Somewhat agree,Somewhat agree,Somewhat agree,Somewhat agree,Somewhat agree,Strongly agree,Neutral,Somewhat agree,Neutral
Kindness,Mais que 10 anos,Somewhat agree,Strongly agree,Strongly agree,Strongly agree,Somewhat agree,Strongly agree,Neutral,Somewhat agree,Strongly agree,Somewhat agree,Strongly agree,Strongly agree,Somewhat agree,Somewhat agree,Somewhat agree,Strongly agree,Strongly agree,Strongly agree,Somewhat agree
Kindness,9 a 10 anos,Somewhat agree,Strongly agree,Strongly agree,Somewhat agree,Strongly agree,Strongly agree,Strongly agree,Strongly agree,Somewhat agree,Strongly agree,Strongly agree,Strongly agree,Somewhat agree,Strongly agree,Neutral,Somewhat agree,Somewhat agree,Somewhat agree,Strongly agree
Kindness,Mais que 10 anos,Strongly agree,Somewhat agree,Strongly agree,Strongly agree,Somewhat agree,Strongly agree,Somewhat agree,Neutral,Neutral,Somewhat agree,Neutral,Neutral,Strongly agree,Neutral,Somewhat agree,Somewhat agree,Strongly agree,Strongly agree,Neutral
Kindness,Mais que 10 anos,Somewhat agree,Somewhat agree,Somewhat agree,Neutral,Neutral,Neutral,Somewhat agree,Strongly agree,Neutral,Somewhat agree,Neutral,Neutral,Strongly agree,Neutral,Neutral,Somewhat agree,Neutral,Somewhat agree,Neutral
Kindness,6 a 8 anos,Somewhat agree,Strongly agree,Strongly agree,Neutral,Strongly agree,Somewhat agree,Somewhat agree,Somewhat agree,Neutral,Somewhat agree,Somewhat agree,Somewhat agree,Somewhat disagree,Somewhat agree,Somewhat agree,Neutral,Somewhat disagree,Neutral,Somewhat agree
Kindness,Mais que 10 anos,Strongly agree,Strongly agree,Somewhat agree,Somewhat disagree,Strongly agree,Somewhat agree,Strongly agree,Somewhat agree,Somewhat disagree,Somewhat agree,Neutral,Neutral,Strongly agree,Strongly disagree,Neutral,Neutral,Strongly agree,Strongly agree,Somewhat disagree
Kindness,Mais que 10 anos,Somewhat agree,Strongly agree,Strongly agree,Somewhat agree,Strongly agree,Strongly agree,Strongly agree,Strongly agree,Strongly agree,Somewhat agree,Strongly agree,Strongly agree,Somewhat agree,Strongly agree,Strongly agree,Strongly agree,Neutral,Somewhat disagree,Somewhat agree
Kindness,Mais que 10 anos,Somewhat disagree,Strongly agree,Strongly agree,Strongly agree,Somewhat agree,Somewhat agree,Neutral,Somewhat agree,Somewhat agree,Somewhat agree,Neutral,Somewhat disagree,Neutral,Somewhat agree,Somewhat agree,Somewhat agree,Neutral,Neutral,Neutral
Kindness,6 a 8 anos,Strongly agree,Strongly agree,Neutral,Strongly agree,Somewhat agree,Somewhat agree,Neutral,Somewhat agree,Somewhat agree,Neutral,Somewhat agree,Neutral,Strongly agree,Neutral,Strongly agree,Somewhat agree,Strongly agree,Somewhat agree,Neutral
Kindness,6 a 8 anos,Strongly agree,Somewhat agree,Strongly agree,Strongly agree,Somewhat agree,Strongly agree,Somewhat agree,Somewhat agree,Somewhat agree,Neutral,Neutral,Neutral,Strongly agree,Neutral,Neutral,Neutral,Somewhat agree,Strongly agree,Strongly agree
Kindness,6 a 8 anos,Strongly agree,Strongly agree,Somewhat agree,Strongly agree,Strongly agree,Strongly agree,Neutral,Somewhat disagree,Somewhat agree,Somewhat agree,Strongly agree,Somewhat agree,Strongly agree,Somewhat agree,Somewhat agree,Somewhat agree,Strongly agree,Strongly agree,Somewhat agree
Kindness,3 a 5 anos,Strongly agree,Neutral,Strongly disagree,Strongly agree,Strongly disagree,Strongly agree,Strongly disagree,Strongly disagree,Somewhat agree,Neutral,Strongly agree,Strongly disagree,Strongly agree,Neutral,Strongly disagree,Strongly disagree,Strongly agree,Strongly agree,Somewhat disagree
Kindness,3 a 5 anos,Somewhat agree,Strongly agree,Somewhat agree,Strongly agree,Strongly agree,Somewhat agree,Strongly agree,Somewhat agree,Somewhat agree,Somewhat agree,Strongly agree,Somewhat agree,Somewhat agree,Somewhat agree,Neutral,Somewhat agree,Somewhat agree,Somewhat agree,Somewhat agree
Kindness,Menos de 1 ano,Somewhat agree,Somewhat agree,Somewhat agree,Somewhat agree,Somewhat agree,Neutral,Somewhat agree,Somewhat agree,Somewhat disagree,Neutral,Neutral,Somewhat agree,Somewhat agree,Somewhat agree,Neutral,Somewhat disagree,Somewhat agree,Somewhat disagree,Somewhat agree
Kindness,6 a 8 anos,Strongly agree,Strongly agree,Neutral,Somewhat agree,Somewhat agree,Somewhat agree,Neutral,Somewhat agree,Neutral,Somewhat agree,Strongly agree,Neutral,Strongly disagree,Somewhat agree,Somewhat agree,Neutral,Neutral,Somewhat disagree,Neutral
Kindness,Mais que 10 anos,Strongly agree,Strongly agree,Strongly agree,Strongly agree,Somewhat agree,Neutral,Strongly agree,Somewhat agree,Somewhat agree,Strongly agree,Somewhat agree,Neutral,Strongly agree,Strongly agree,Strongly agree,Somewhat agree,Strongly agree,Strongly agree,Strongly agree
Kindness,Mais que 10 anos,Strongly agree,Strongly agree,Somewhat agree,Strongly agree,Somewhat agree,Strongly agree,Strongly agree,Somewhat agree,Neutral,Somewhat agree,Neutral,Somewhat agree,Neutral,Strongly agree,Strongly agree,Neutral,Strongly agree,Strongly agree,Neutral
Kindness,9 a 10 anos,Strongly agree,Strongly agree,Strongly agree,Strongly agree,Somewhat agree,Somewhat agree,Somewhat agree,Somewhat agree,Somewhat agree,Somewhat agree,Neutral,Somewhat agree,Neutral,Neutral,Somewhat agree,Somewhat agree,Strongly agree,Strongly agree,Neutral
Kindness,6 a 8 anos,Strongly agree,Strongly agree,Strongly agree,Strongly agree,Somewhat disagree,Somewhat agree,Somewhat agree,Somewhat agree,Strongly disagree,Somewhat disagree,Somewhat agree,Strongly agree,Strongly agree,Somewhat disagree,Somewhat agree,Somewhat agree,Strongly agree,Strongly agree,Strongly agree
Kindness,3 a 5 anos,Somewhat agree,Strongly agree,Somewhat agree,Neutral,Strongly agree,Strongly agree,Strongly agree,Neutral,Strongly agree,Strongly agree,Neutral,Somewhat agree,Neutral,Somewhat agree,Strongly agree,Somewhat agree,Somewhat disagree,Neutral,Somewhat agree
Kindness,1 a 2 anos,Strongly agree,Somewhat agree,Somewhat agree,Somewhat disagree,Strongly agree,Strongly agree,Strongly agree,Somewhat agree,Somewhat agree,Neutral,Neutral,Neutral,Somewhat disagree,Neutral,Somewhat agree,Somewhat agree,Neutral,Neutral,Somewhat agree
Kindness,Menos de 1 ano,Strongly agree,Somewhat agree,Neutral,Somewhat agree,Neutral,Somewhat agree,Somewhat agree,Strongly agree,Neutral,Neutral,Neutral,Somewhat agree,Neutral,Neutral,Somewhat agree,Neutral,Somewhat agree,Strongly agree,Strongly agree
Kindness,Mais que 10 anos,Strongly agree,Strongly agree,Somewhat agree,Somewhat agree,Somewhat agree,Somewhat agree,Somewhat agree,Somewhat agree,Somewhat agree,Somewhat agree,Somewhat agree,Somewhat agree,Neutral,Somewhat agree,Somewhat agree,Somewhat agree,Neutral,Somewhat agree,Somewhat agree
Kindness,9 a 10 anos,Somewhat agree,Strongly agree,Somewhat agree,Neutral,Somewhat disagree,Neutral,Strongly agree,Strongly disagree,Neutral,Neutral,Strongly agree,Strongly disagree,Strongly disagree,Somewhat agree,Strongly disagree,Somewhat disagree,Strongly disagree,Neutral,Strongly disagree
Kindness,Mais que 10 anos,Strongly agree,Strongly agree,Somewhat agree,Strongly agree,Strongly agree,Strongly agree,Somewhat agree,Somewhat agree,Somewhat agree,Somewhat agree,Neutral,Strongly agree,Somewhat disagree,Somewhat agree,Somewhat agree,Strongly agree,Strongly agree,Strongly agree,Somewhat agree
Kindness,3 a 5 anos,Strongly agree,Strongly agree,Strongly agree,Strongly agree,Strongly agree,Strongly agree,Strongly agree,Strongly agree,Strongly agree,Strongly agree,Strongly agree,Strongly agree,Strongly disagree,Strongly agree,Strongly agree,Strongly agree,Strongly agree,Strongly agree,Strongly agree
Kindness,1 a 2 anos,Strongly agree,Strongly agree,Neutral,Neutral,Neutral,Somewhat agree,Neutral,Somewhat agree,Neutral,Neutral,Somewhat agree,Somewhat agree,Somewhat disagree,Neutral,Strongly agree,Strongly agree,Strongly agree,Neutral,Strongly agree
Kindness,Mais que 10 anos,Strongly agree,Strongly agree,Strongly agree,Somewhat agree,Somewhat agree,Strongly agree,Strongly agree,Strongly agree,Strongly agree,Somewhat agree,Strongly agree,Strongly agree,Neutral,Strongly agree,Strongly agree,Somewhat agree,Somewhat agree,Strongly agree,Strongly agree
Kindness,Mais que 10 anos,Strongly agree,Strongly agree,Somewhat agree,Strongly agree,Strongly agree,Strongly agree,Somewhat agree,Somewhat agree,Somewhat agree,Somewhat agree,Somewhat agree,Strongly agree,Neutral,Strongly agree,Strongly agree,Neutral,Somewhat agree,Strongly agree,Neutral
Kindness,Mais que 10 anos,Strongly agree,Strongly agree,Strongly agree,Somewhat agree,Strongly agree,Strongly agree,Strongly agree,Somewhat agree,Somewhat agree,Strongly agree,Strongly agree,Strongly agree,Neutral,Strongly agree,Strongly agree,Neutral,Somewhat agree,Strongly agree,Somewhat agree
Kindness,Mais que 10 anos,Strongly agree,Strongly agree,Somewhat disagree,Strongly agree,Somewhat agree,Neutral,Neutral,Strongly disagree,Somewhat disagree,Somewhat disagree,Somewhat agree,Somewhat disagree,Strongly disagree,Somewhat agree,Somewhat agree,Strongly disagree,Neutral,Strongly disagree,Somewhat disagree
Kindness,Mais que 10 anos,Strongly agree,Strongly agree,Somewhat agree,Strongly agree,Strongly agree,Strongly agree,Strongly agree,Strongly agree,Neutral,Strongly agree,Somewhat agree,Strongly agree,Somewhat disagree,Somewhat agree,Strongly agree,Neutral,Somewhat disagree,Strongly agree,Strongly agree
Kindness,Mais que 10 anos,Strongly agree,Strongly agree,Neutral,Somewhat agree,Strongly agree,Somewhat agree,Somewhat agree,Neutral,Neutral,Neutral,Somewhat agree,Neutral,Strongly disagree,Neutral,Somewhat agree,Somewhat disagree,Somewhat agree,Somewhat disagree,Somewhat agree
Kindness,6 a 8 anos,Somewhat agree,Strongly agree,Strongly agree,Somewhat agree,Strongly agree,Strongly agree,Strongly agree,Somewhat agree,Strongly agree,Strongly agree,Strongly agree,Neutral,Neutral,Somewhat agree,Strongly agree,Strongly agree,Somewhat agree,Somewhat agree,Neutral
Kindness,Mais que 10 anos,Somewhat agree,Strongly agree,Strongly agree,Somewhat agree,Somewhat agree,Strongly agree,Neutral,Somewhat agree,Neutral,Strongly agree,Somewhat agree,Strongly agree,Neutral,Somewhat agree,Strongly agree,Neutral,Neutral,Somewhat disagree,Somewhat agree